Lane,SampleID,Sample_Project,index,index2,ReadNumber,Yield,YieldQ30,QualityScoreSum,Mean Quality Score (PF),% Q30
3,Apul-1,8740,CCGGATCCAA,GCAGTGAAGT,1,2925361341,2602608398,102583243638,35.07,0.89
3,Apul-1,8740,CCGGATCCAA,GCAGTGAAGT,2,2925361341,2634699997,103075395704,35.24,0.90
3,Apul-2,8740,CGTACGCATT,ACGCGCAACA,1,2376310650,2164847215,84256225709,35.46,0.91
3,Apul-2,8740,CGTACGCATT,ACGCGCAACA,2,2376310650,2091211919,82716172260,34.81,0.88
3,Apul-3,8740,TCAACGCGTA,TTAGCATCGA,1,2161784988,1995129157,77109814294,35.67,0.92
3,Apul-3,8740,TCAACGCGTA,TTAGCATCGA,2,2161784988,1932714342,75857170878,35.09,0.89
3,Apul-4,8740,ACAACGAATC,GACTGTACGG,1,9286896009,7267502055,306381277830,32.99,0.78
3,Apul-4,8740,ACAACGAATC,GACTGTACGG,2,9286896009,7958480336,319476830323,34.40,0.86
3,Apul-5,8740,ACGGAGAGGT,GTCAGTAGCT,1,1933412334,1751460806,68386052595,35.37,0.91
3,Apul-5,8740,ACGGAGAGGT,GTCAGTAGCT,2,1933412334,1706886086,67430593260,34.88,0.88
3,Apul-6,8740,TTGGCACTTA,TACGACGCAC,1,2284095261,2017144585,79835508866,34.95,0.88
3,Apul-6,8740,TTGGCACTTA,TACGACGCAC,2,2284095261,2062994411,80593367273,35.28,0.90
3,Apul-7,8740,AATGGACCTT,TCGTTGGATA,1,2438311428,2258346250,87125841916,35.73,0.93
3,Apul-7,8740,AATGGACCTT,TCGTTGGATA,2,2438311428,2194313976,85851325151,35.21,0.90
3,Apul-8,8740,GCCGTCATAA,CTGCACTCAC,1,1702330638,1567354377,60649259607,35.63,0.92
3,Apul-8,8740,GCCGTCATAA,CTGCACTCAC,2,1702330638,1498895766,59262140355,34.81,0.88
3,Apul-9,8740,TAGCTTCGTA,ACGTTGAGGT,1,2276777445,2098138266,81163081656,35.65,0.92
3,Apul-9,8740,TAGCTTCGTA,ACGTTGAGGT,2,2276777445,2017819583,79552754261,34.94,0.89
3,Apul-10,8740,ACCAAGACTC,AGTGTTCGTG,1,1660869639,1538945462,59359191452,35.74,0.93
3,Apul-10,8740,ACCAAGACTC,AGTGTTCGTG,2,1660869639,1489418823,58385333619,35.15,0.90
3,Apul-11,8740,GACCATCTAC,TCGTCACTGG,1,1778490525,1637118887,63357724375,35.62,0.92
3,Apul-11,8740,GACCATCTAC,TCGTCACTGG,2,1778490525,1571564930,62024218882,34.87,0.88
3,Apul-12,8740,AACAAGTGAG,AGTTACGCAT,1,2042777940,1869998457,72603668027,35.54,0.92
3,Apul-12,8740,AACAAGTGAG,AGTTACGCAT,2,2042777940,1810503030,71366056567,34.94,0.89
3,Apul-13,8740,CGACGTACAC,TTATCGACCT,1,1920808245,1767346626,68418227914,35.62,0.92
3,Apul-13,8740,CGACGTACAC,TTATCGACCT,2,1920808245,1707777032,67209257134,34.99,0.89
3,Apul-14,8740,AGCGTGACCT,ACTCGGATGG,1,2102210232,1938564418,74957013162,35.66,0.92
3,Apul-14,8740,AGCGTGACCT,ACTCGGATGG,2,2102210232,1834094620,72834104283,34.65,0.87
3,Apul-15,8740,GCACTTACAA,AACCAGTTAG,1,2329603446,2148357598,83058560255,35.65,0.92
3,Apul-15,8740,GCACTTACAA,AACCAGTTAG,2,2329603446,2054067303,81160906740,34.84,0.88
3,Apul-16,8740,GTGAATGGTT,TTGTAGAGCT,1,2582940849,2394832597,92336707857,35.75,0.93
3,Apul-16,8740,GTGAATGGTT,TTGTAGAGCT,2,2582940849,2270299487,89843888470,34.78,0.88
3,Apul-17,8740,CGTGATTGGT,CGGTATATGC,1,2053923999,1896160445,73273871739,35.68,0.92
3,Apul-17,8740,CGTGATTGGT,CGGTATATGC,2,2053923999,1814020306,71617963952,34.87,0.88
3,Apul-18,8740,CGGAGATACG,CAGACCTACG,1,1617441810,1469684372,57278070182,35.41,0.91
3,Apul-18,8740,CGGAGATACG,CAGACCTACG,2,1617441810,1429514217,56431063630,34.89,0.88
3,Apul-19,8740,TCAATGAGGT,ACGTACAAGA,1,2011397700,1839824305,71444359953,35.52,0.91
3,Apul-19,8740,TCAATGAGGT,ACGTACAAGA,2,2011397700,1757088963,69724713481,34.66,0.87
3,Apul-20,8740,GCCAGGTTCT,AGCGCACATA,1,2052329070,1813506601,71756904238,34.96,0.88
3,Apul-20,8740,GCCAGGTTCT,AGCGCACATA,2,2052329070,1854377046,72426585228,35.29,0.90
3,Apul-21,8740,ACTGTCGACG,TTGTAGGAAG,1,1830848112,1669854871,64965687331,35.48,0.91
3,Apul-21,8740,ACTGTCGACG,TTGTAGGAAG,2,1830848112,1651520885,64568051326,35.27,0.90
3,Apul-22,8740,CTAGCAGTTA,CCAGCTCTGT,1,2087740914,1915984959,74274354277,35.58,0.92
3,Apul-22,8740,CTAGCAGTTA,CCAGCTCTGT,2,2087740914,1851503904,72959850073,34.95,0.89
3,Apul-23,8740,ACTTGAAGTG,CACCACATTA,1,1982893611,1828598747,70703865890,35.66,0.92
3,Apul-23,8740,ACTTGAAGTG,CACCACATTA,2,1982893611,1764250069,69390321583,34.99,0.89
3,Apul-24,8740,TGCTCGTGAG,GTGGCGTGTT,1,1862110215,1655429021,65299817670,35.07,0.89
3,Apul-24,8740,TGCTCGTGAG,GTGGCGTGTT,2,1862110215,1671420659,65517730912,35.18,0.90
3,Apul-25,8740,CCAACCGTTC,CATCTCTTGC,1,1756959858,1622549031,62689578994,35.68,0.92
3,Apul-25,8740,CCAACCGTTC,CATCTCTTGC,2,1756959858,1563238592,61499878628,35.00,0.89
3,Apul-26,8740,ACATACTAGC,TGGAACCACG,1,1648209423,1515730120,58690100804,35.61,0.92
3,Apul-26,8740,ACATACTAGC,TGGAACCACG,2,1648209423,1457886640,57526192734,34.90,0.88
3,Apul-27,8740,TAGGCCTCCT,GTGGTCAATT,1,2023478043,1850159288,71869257914,35.52,0.91
3,Apul-27,8740,TAGGCCTCCT,GTGGTCAATT,2,2023478043,1805395631,70950684327,35.06,0.89
3,Apul-28,8740,CTTCTCAGAG,TGACGCTTAG,1,1788319110,1615643160,63168497712,35.32,0.90
3,Apul-28,8740,CTTCTCAGAG,TGACGCTTAG,2,1788319110,1606090012,62923398934,35.19,0.90
3,Apul-29,8740,CAAGAGGCTT,TTGCTACGCT,1,1904709018,1755559902,67892599844,35.64,0.92
3,Apul-29,8740,CAAGAGGCTT,TTGCTACGCT,2,1904709018,1675742479,66268606047,34.79,0.88
3,Apul-30,8740,AATAGCCATC,AACGTCGTTA,1,1638484347,1513383063,58464393426,35.68,0.92
3,Apul-30,8740,AATAGCCATC,AACGTCGTTA,2,1638484347,1462114917,57442736858,35.06,0.89
3,Apul-31,8740,ATAGGTCGTC,GATATGTGCA,1,2591479149,2226493087,89422313182,34.51,0.86
3,Apul-31,8740,ATAGGTCGTC,GATATGTGCA,2,2591479149,2336517435,91359006340,35.25,0.90
3,Apul-32,8740,AGCATGTAAC,TAGTTCAGCT,1,1664714418,1535186253,59363779971,35.66,0.92
3,Apul-32,8740,AGCATGTAAC,TAGTTCAGCT,2,1664714418,1485146206,58366126199,35.06,0.89
3,Apul-33,8740,TTCGGAATGA,GTAAGGTAGT,1,2011970736,1824956899,71194306126,35.39,0.91
3,Apul-33,8740,TTCGGAATGA,GTAAGGTAGT,2,2011970736,1807473231,70801854812,35.19,0.90
3,Apul-34,8740,CCTTGCCGTA,CCATAGGAGT,1,1927773399,1780035375,68781951895,35.68,0.92
3,Apul-34,8740,CCTTGCCGTA,CCATAGGAGT,2,1927773399,1712368515,67434774726,34.98,0.89
3,Apul-35,8740,GAGGAATTAC,TGGCAGTGTC,1,1911243918,1735332400,67660733173,35.40,0.91
3,Apul-35,8740,GAGGAATTAC,TGGCAGTGTC,2,1911243918,1712459667,67148166433,35.13,0.90
3,Apul-36,8740,GACATAACCT,ATCCTAACAG,1,1580597376,1457590649,56351500081,35.65,0.92
3,Apul-36,8740,GACATAACCT,ATCCTAACAG,2,1580597376,1393183971,55057699043,34.83,0.88
3,Apul-37,8740,GCAATGATGC,CTCCGTTGAG,1,1413620982,1301886784,50375897348,35.64,0.92
3,Apul-37,8740,GCAATGATGC,CTCCGTTGAG,2,1413620982,1256823929,49469572173,34.99,0.89
3,Apul-38,8740,TCGAGCGTTA,TGTCGTGCTT,1,2243612112,2061168767,79868482661,35.60,0.92
3,Apul-38,8740,TCGAGCGTTA,TGTCGTGCTT,2,2243612112,1973744626,78097154541,34.81,0.88
3,Apul-39,8740,ATCTCGCATT,AAGAAGATGC,1,2191613706,2028605221,78289763785,35.72,0.93
3,Apul-39,8740,ATCTCGCATT,AAGAAGATGC,2,2191613706,1931795910,76360629833,34.84,0.88
3,Apul-40,8740,TGCTCCTAAC,CGGCTAGGAA,1,1913525568,1763052279,68201986031,35.64,0.92
3,Apul-40,8740,TGCTCCTAAC,CGGCTAGGAA,2,1913525568,1706172522,67055447620,35.04,0.89
3,Apul-41,8740,CAACAGTAAC,CAATCCTAGA,1,1972807128,1819327214,70338565296,35.65,0.92
3,Apul-41,8740,CAACAGTAAC,CAATCCTAGA,2,1972807128,1750623590,68950626156,34.95,0.89
3,Apul-42,8740,CTGGACCATC,CGATGTTGAT,1,1665582876,1540722311,59473190276,35.71,0.93
3,Apul-42,8740,CTGGACCATC,CGATGTTGAT,2,1665582876,1476124900,58191382132,34.94,0.89
3,Apul-43,8740,AACACGGTGA,TAACCGCCAC,1,1918354239,1759658673,68232893525,35.57,0.92
3,Apul-43,8740,AACACGGTGA,TAACCGCCAC,2,1918354239,1655449795,66105348359,34.46,0.86
3,Apul-44,8740,AATCCATTGC,TCCGATGGTT,1,1977556617,1826553656,70566500368,35.68,0.92
3,Apul-44,8740,AATCCATTGC,TCCGATGGTT,2,1977556617,1756687911,69175028986,34.98,0.89
3,Apul-45,8740,AAGAGAGAAG,GTCAGCTCGT,1,2121148563,1892907030,74496923912,35.12,0.89
3,Apul-45,8740,AAGAGAGAAG,GTCAGCTCGT,2,2121148563,1891750092,74368826625,35.06,0.89
3,Apul-46,8740,TACCACGGCT,AGATCCAGCA,1,2039091048,1876170276,72622544773,35.62,0.92
3,Apul-46,8740,TACCACGGCT,AGATCCAGCA,2,2039091048,1805702357,71192489349,34.91,0.89
3,Apul-47,8740,GCGGTTGATA,GCTGTATCTT,1,2127482169,1915246043,75027734644,35.27,0.90
3,Apul-47,8740,GCGGTTGATA,GCTGTATCTT,2,2127482169,1917558906,74986179267,35.25,0.90
3,Apul-48,8740,AACATCTCGA,GTCTTGCAGG,1,1882136583,1709601899,66636320111,35.40,0.91
3,Apul-48,8740,AACATCTCGA,GTCTTGCAGG,2,1882136583,1670934454,65825444473,34.97,0.89
3,Apul-49,8740,TGTCTTCATC,ATTCACGCTA,1,1807439496,1670448682,64512408757,35.69,0.92
3,Apul-49,8740,TGTCTTCATC,ATTCACGCTA,2,1807439496,1601112872,63117977542,34.92,0.89
3,Apul-50,8740,GTTGCGTGCT,CCTCATCGTT,1,2005507227,1843780816,71409144729,35.61,0.92
3,Apul-50,8740,GTTGCGTGCT,CCTCATCGTT,2,2005507227,1752243711,69535498614,34.67,0.87
3,Apul-51,8740,GCATTCTCGC,TTCGCGCCTA,1,1517948037,1389839339,53941485703,35.54,0.92
3,Apul-51,8740,GCATTCTCGC,TTCGCGCCTA,2,1517948037,1321539442,52552274635,34.62,0.87
3,Apul-52,8740,CGCAATTCTA,ATAGGTTGGA,1,1649084082,1524578852,58865525796,35.70,0.92
3,Apul-52,8740,CGCAATTCTA,ATAGGTTGGA,2,1649084082,1475658957,57895538863,35.11,0.89
3,Apul-53,8740,TGCTCATTCA,ACGTCATCGG,1,1772596077,1629161675,63108092899,35.60,0.92
3,Apul-53,8740,TGCTCATTCA,ACGTCATCGG,2,1772596077,1560413992,61709844823,34.81,0.88
3,Apul-54,8740,TCTAGGAAGT,TTACGTCCTA,1,2318068155,2133724074,82564933321,35.62,0.92
3,Apul-54,8740,TCTAGGAAGT,TTACGTCCTA,2,2318068155,2030926419,80464072042,34.71,0.88
3,Apul-55,8740,TCCTCTCGAA,ACATGACTGA,1,1492260315,1364644005,52962206362,35.49,0.91
3,Apul-55,8740,TCCTCTCGAA,ACATGACTGA,2,1492260315,1298406703,51603833983,34.58,0.87
3,Apul-56,8740,CGGCTAACCA,CTACCACTAT,1,1712160177,1573079146,60921754757,35.58,0.92
3,Apul-56,8740,CGGCTAACCA,CTACCACTAT,2,1712160177,1501701690,59464074307,34.73,0.88
3,Apul-57,8740,ATCACAGTCT,GAACGTTGTT,1,2337671901,2072560934,81855372436,35.02,0.89
3,Apul-57,8740,ATCACAGTCT,GAACGTTGTT,2,2337671901,2113599631,82530908129,35.30,0.90
3,Apul-58,8740,CCGTAACCAC,CAATGGTGGA,1,1709248569,1578467171,60984457313,35.68,0.92
3,Apul-58,8740,CCGTAACCAC,CAATGGTGGA,2,1709248569,1524222855,59899759980,35.04,0.89
3,Apul-59,8740,AGCACCTATT,GCGATAGGCA,1,1937510718,1755519729,68521204165,35.37,0.91
3,Apul-59,8740,AGCACCTATT,GCGATAGGCA,2,1937510718,1739586965,68156084088,35.18,0.90
3,Apul-60,8740,TGTCTGCCAT,TCAAGATGCG,1,2368760217,2180973458,84385130674,35.62,0.92
3,Apul-60,8740,TGTCTGCCAT,TCAAGATGCG,2,2368760217,2054766833,81811602046,34.54,0.87
3,Apul-88,8740,CTTGGAGCGA,GAGAACCATA,1,2279240514,2010187241,79610132058,34.93,0.88
3,Apul-88,8740,CTTGGAGCGA,GAGAACCATA,2,2279240514,2051201190,80267936652,35.22,0.90
3,Apul-89,8740,CTGTCGTACA,ACTGCGAATG,1,1684372383,1541859234,59851342201,35.53,0.92
3,Apul-89,8740,CTGTCGTACA,ACTGCGAATG,2,1684372383,1497928975,58953200196,35.00,0.89
3,Apul-90,8740,AGTTGCATCT,ACCTGCCAAT,1,1843675278,1702926019,65786300592,35.68,0.92
3,Apul-90,8740,AGTTGCATCT,ACCTGCCAAT,2,1843675278,1630122445,64323746225,34.89,0.88
3,Apul-91,8740,TAGCCTCATG,ACCGGAAGGT,1,1849033260,1710225715,66024095167,35.71,0.92
3,Apul-91,8740,TAGCCTCATG,ACCGGAAGGT,2,1849033260,1616336984,64132917840,34.68,0.87
3,Apul-92,8740,ACCTTGTGTC,TGCGGTCCTT,1,1917884076,1707927383,67299998459,35.09,0.89
3,Apul-92,8740,ACCTTGTGTC,TGCGGTCCTT,2,1917884076,1711430029,67261826221,35.07,0.89
3,Apul-93,8740,AGCGAAGCTG,CACGACAATT,1,1098668217,1007984355,39076454269,35.57,0.92
3,Apul-93,8740,AGCGAAGCTG,CACGACAATT,2,1098668217,971016542,38313754156,34.87,0.88
3,Apul-94,8740,GTTGGAATCT,TGACCGCTTC,1,1844362635,1683870747,65457333756,35.49,0.91
3,Apul-94,8740,GTTGGAATCT,TGACCGCTTC,2,1844362635,1639583260,64524296707,34.98,0.89
3,Apul-95,8740,ATACGATCAC,ACATCGGTGT,1,2018333916,1846386183,71700110452,35.52,0.91
3,Apul-95,8740,ATACGATCAC,ACATCGGTGT,2,2018333916,1802726036,70800151714,35.08,0.89
3,Apul-96,8740,CTTGGTATCA,AGCCTATACA,1,1845038544,1681514533,65440311260,35.47,0.91
3,Apul-96,8740,CTTGGTATCA,AGCCTATACA,2,1845038544,1636984077,64493388813,34.96,0.89
3,Apul-97,8740,CAGCACTACG,TTCTGTGGCG,1,1995747648,1837698640,71103272101,35.63,0.92
3,Apul-97,8740,CAGCACTACG,TTCTGTGGCG,2,1995747648,1748486627,69303650934,34.73,0.88
3,Apul-98,8740,GCAGTTAGAC,TCAATGCGTC,1,1658047548,1527212059,59079931134,35.63,0.92
3,Apul-98,8740,GCAGTTAGAC,TCAATGCGTC,2,1658047548,1458582666,57687362323,34.79,0.88
3,Apul-99,8740,ACACCGCTTA,TGCCTAGTAA,1,1974877785,1819969944,70393032845,35.64,0.92
3,Apul-99,8740,ACACCGCTTA,TGCCTAGTAA,2,1974877785,1747394408,68929565591,34.90,0.88
3,Apul-100,8740,AGCACAGCAT,CTATCGCGCT,1,1993464885,1841823958,71148916310,35.69,0.92
3,Apul-100,8740,AGCACAGCAT,CTATCGCGCT,2,1993464885,1750969794,69320391843,34.77,0.88
3,Apul-101,8740,CTACGTACGG,GTGCTAGATC,1,2204902767,1969115640,77438221446,35.12,0.89
3,Apul-101,8740,CTACGTACGG,GTGCTAGATC,2,2204902767,1936142564,76644919477,34.76,0.88
3,Apul-102,8740,CTGCAGATCG,GTGGACTGTC,1,1942927371,1732436368,68210152814,35.11,0.89
3,Apul-102,8740,CTGCAGATCG,GTGGACTGTC,2,1942927371,1738737989,68227398697,35.12,0.89
3,Apul-103,8740,GCCTTAACGA,GATGTCGGTC,1,2398681791,2063974188,82822094720,34.53,0.86
3,Apul-103,8740,GCCTTAACGA,GATGTCGGTC,2,2398681791,2177889893,84875621809,35.38,0.91
3,Apul-104,8740,TTAACCTGCG,ACATCAGTAG,1,1926714300,1773239258,68642308510,35.63,0.92
3,Apul-104,8740,TTAACCTGCG,ACATCAGTAG,2,1926714300,1708101995,67335066485,34.95,0.89
3,Apul-105,8740,ATTCTTGCCT,GTAGCTGCAC,1,2541560940,2293987566,89716712874,35.30,0.90
3,Apul-105,8740,ATTCTTGCCT,GTAGCTGCAC,2,2541560940,2215129735,88019355866,34.63,0.87
3,Apul-106,8740,CGTCGAGCAT,CAGTGTCATC,1,2591737047,2391602801,92450469479,35.67,0.92
3,Apul-106,8740,CGTCGAGCAT,CAGTGTCATC,2,2591737047,2294609483,90494315320,34.92,0.89
3,Apul-107,8740,CATTCGATTC,TGAGACACTC,1,1849443798,1704567038,65936677984,35.65,0.92
3,Apul-107,8740,CATTCGATTC,TGAGACACTC,2,1849443798,1651369877,64850787343,35.07,0.89
3,Apul-108,8740,TAGGACAGCT,GTGATTGTTC,1,1560792018,1415746336,55232499657,35.39,0.91
3,Apul-108,8740,TAGGACAGCT,GTGATTGTTC,2,1560792018,1387124717,54622477659,35.00,0.89
3,Apul-109,8740,AAGCGGTGAA,AACCTAGACG,1,1784694069,1620780183,63189880605,35.41,0.91
3,Apul-109,8740,AAGCGGTGAA,AACCTAGACG,2,1784694069,1564928714,62029981143,34.76,0.88
3,Apul-110,8740,AACCGTTATG,TAGAGTGTCT,1,1873365984,1731041313,66866596576,35.69,0.92
3,Apul-110,8740,AACCGTTATG,TAGAGTGTCT,2,1873365984,1664184486,65520942873,34.97,0.89
3,Apul-111,8740,CTTCCAGTTG,ACTCATAGTG,1,2095425225,1933181125,74737993448,35.67,0.92
3,Apul-111,8740,CTTCCAGTTG,ACTCATAGTG,2,2095425225,1876247555,73585547730,35.12,0.90
3,Apul-112,8740,ATGATACCTG,TATGAGACTC,1,1869401796,1718755670,66560669273,35.61,0.92
3,Apul-112,8740,ATGATACCTG,TATGAGACTC,2,1869401796,1671551917,65601832239,35.09,0.89
3,Apul-113,8740,GTAGATCCGG,TTGTTCGGAG,1,2004175284,1850911809,71503313873,35.68,0.92
3,Apul-113,8740,GTAGATCCGG,TTGTTCGGAG,2,2004175284,1780698664,70115287410,34.98,0.89
3,Apul-114,8740,GAAGGAGCCT,ATAATGGAGG,1,1857428619,1713033116,66235552016,35.66,0.92
3,Apul-114,8740,GAAGGAGCCT,ATAATGGAGG,2,1857428619,1647888503,64940646296,34.96,0.89
3,Apul-115,8740,TTCAAGGAGA,CGATCATTCG,1,1955649756,1801292359,69681972306,35.63,0.92
3,Apul-115,8740,TTCAAGGAGA,CGATCATTCG,2,1955649756,1723741559,68128395334,34.84,0.88
3,Apul-116,8740,ATCGGTTCCA,CTTGGTGGAG,1,2291654280,2107017563,81608032379,35.61,0.92
3,Apul-116,8740,ATCGGTTCCA,CTTGGTGGAG,2,2291654280,2055562311,80583492380,35.16,0.90
3,Apul-117,8740,ATAGCTCTAG,CGCTGTAGGA,1,1950702153,1803913942,69658154975,35.71,0.92
3,Apul-117,8740,ATAGCTCTAG,CGCTGTAGGA,2,1950702153,1744299649,68455852636,35.09,0.89
3,Apul-118,8740,CCACATCATA,TTGTGCTTGG,1,1271974719,1175397578,45397542997,35.69,0.92
3,Apul-118,8740,CCACATCATA,TTGTGCTTGG,2,1271974719,1128059636,44468029905,34.96,0.89
3,Apul-119,8740,ATGAGGCTGC,CTGCTCCTCT,1,1572269910,1447843130,56028447139,35.64,0.92
3,Apul-119,8740,ATGAGGCTGC,CTGCTCCTCT,2,1572269910,1388292830,54816195415,34.86,0.88
3,Apul-120,8740,CATAGTGTCT,TAATGCACAG,1,2086033413,1922223309,74356732042,35.65,0.92
3,Apul-120,8740,CATAGTGTCT,TAATGCACAG,2,2086033413,1839737140,72682856985,34.84,0.88
3,Apul-121,8740,GTCAACGTAA,TGAGTTGACT,1,2242281918,2073593776,80055240793,35.70,0.92
3,Apul-121,8740,GTCAACGTAA,TGAGTTGACT,2,2242281918,1988078575,78353351629,34.94,0.89
3,Apul-122,8740,AATACGAGGT,GCTGCGCTAT,1,2480604633,2241942238,87639214537,35.33,0.90
3,Apul-122,8740,AATACGAGGT,GCTGCGCTAT,2,2480604633,2218800449,87118265803,35.12,0.89
3,Apul-123,8740,AGACGTGTTA,CCAACTGTAA,1,1806181806,1671658900,64516070346,35.72,0.93
3,Apul-123,8740,AGACGTGTTA,CCAACTGTAA,2,1806181806,1604460914,63158900735,34.97,0.89
3,Apul-124,8740,GAAGGATTCA,TGAACTTGAC,1,2054441226,1894027693,73246663315,35.65,0.92
3,Apul-124,8740,GAAGGATTCA,TGAACTTGAC,2,2054441226,1815675644,71672621351,34.89,0.88
3,Apul-125,8740,AGATCGCTCG,TGAGCGTTAT,1,1985234727,1828944127,70771419256,35.65,0.92
3,Apul-125,8740,AGATCGCTCG,TGAGCGTTAT,2,1985234727,1760509905,69392592426,34.95,0.89
3,Apul-126,8740,CAGGACCAAT,GCGGATATTA,1,2202674223,1941259034,76914333391,34.92,0.88
3,Apul-126,8740,CAGGACCAAT,GCGGATATTA,2,2202674223,1998266311,77893642948,35.36,0.91
3,Apul-127,8740,GATCACGGTT,GCGATCCGTT,1,8916211041,6849392181,291585160578,32.70,0.77
3,Apul-127,8740,GATCACGGTT,GCGATCCGTT,2,8916211041,7163484001,297285997198,33.34,0.80
3,Apul-128,8740,CCGGCACTAT,GAATTGCGAA,1,2389844094,2150551817,84259646299,35.26,0.90
3,Apul-128,8740,CCGGCACTAT,GAATTGCGAA,2,2389844094,2160897051,84368682982,35.30,0.90
3,Apul-129,8740,ATTCCACACT,TGGTCTTGTT,1,1772790693,1641297843,63327833675,35.72,0.93
3,Apul-129,8740,ATTCCACACT,TGGTCTTGTT,2,1772790693,1573900364,61999308426,34.97,0.89
3,Apul-130,8740,TACTAGAGGA,GAACCGGTCT,1,2419635924,2130481556,84448807218,34.90,0.88
3,Apul-130,8740,TACTAGAGGA,GAACCGGTCT,2,2419635924,2166760687,85020574591,35.14,0.90
3,Apul-131,8740,ACCTCAGTAT,ACATTCACAG,1,2237433372,2052787929,79596388132,35.57,0.92
3,Apul-131,8740,ACCTCAGTAT,ACATTCACAG,2,2237433372,2001447638,78531706382,35.10,0.89
3,Apul-132,8740,TCGGACAACG,GTCTGGATGG,1,1850199207,1664431158,65215144287,35.25,0.90
3,Apul-132,8740,TCGGACAACG,GTCTGGATGG,2,1850199207,1627126744,64404662777,34.81,0.88
3,Apul-133,8740,TCAAGAAGGA,ATGTGGCCTC,1,1449137607,1336426756,51664970955,35.65,0.92
3,Apul-133,8740,TCAAGAAGGA,ATGTGGCCTC,2,1449137607,1279848048,50534484945,34.87,0.88
3,Apul-134,8740,CGGAAGATGG,TGGTGACAGG,1,1903036974,1748778710,67747855668,35.60,0.92
3,Apul-134,8740,CGGAAGATGG,TGGTGACAGG,2,1903036974,1679242992,66330775995,34.86,0.88
3,Apul-135,8740,GCCTCGATTA,ACGGCATGTA,1,1804706922,1622701003,63606157648,35.24,0.90
3,Apul-135,8740,GCCTCGATTA,ACGGCATGTA,2,1804706922,1630992605,63682870777,35.29,0.90
3,Apul-136,8740,TCCTGGAACA,TACTGGTTGT,1,1971115527,1815819762,70248323458,35.64,0.92
3,Apul-136,8740,TCCTGGAACA,TACTGGTTGT,2,1971115527,1751722768,68963747331,34.99,0.89
3,Apul-137,8740,AGTTAGCTGG,GATGAGAATG,1,2351088639,2061038186,81888040350,34.83,0.88
3,Apul-137,8740,AGTTAGCTGG,GATGAGAATG,2,2351088639,2116587424,82796789616,35.22,0.90
3,Apul-138,8740,CGATGAGACT,TTAGTCGTGC,1,1832990796,1694769517,65434522088,35.70,0.92
3,Apul-138,8740,CGATGAGACT,TTAGTCGTGC,2,1832990796,1607885226,63683466989,34.74,0.88
3,Apul-139,8740,GCTACTGTCG,CTTGCTCCAT,1,2088183729,1922647089,74405099215,35.63,0.92
3,Apul-139,8740,GCTACTGTCG,CTTGCTCCAT,2,2088183729,1848334232,72901352943,34.91,0.89
3,Apul-140,8740,CGACTAACGT,ATCAGCAGCA,1,1824181719,1681470285,65028087941,35.65,0.92
3,Apul-140,8740,CGACTAACGT,ATCAGCAGCA,2,1824181719,1625725803,63896001197,35.03,0.89
3,Apul-141,8740,AATGGTCTAC,CCTCTTATGG,1,1789631019,1651066256,63826426825,35.66,0.92
3,Apul-141,8740,AATGGTCTAC,CCTCTTATGG,2,1789631019,1580028836,62398994009,34.87,0.88
3,Apul-142,8740,TCCGCGAGTA,CGCTGAATGC,1,1680276066,1533606023,59629634116,35.49,0.91
3,Apul-142,8740,TCCGCGAGTA,CGCTGAATGC,2,1680276066,1490590748,58728919395,34.95,0.89
3,Apul-143,8740,TGCCGTTACT,GCCATATATC,1,1882153278,1683895262,66172651808,35.16,0.89
3,Apul-143,8740,TGCCGTTACT,GCCATATATC,2,1882153278,1680186693,66015700562,35.07,0.89
3,Apul-144,8740,TACAGAGCAA,AGGAATGATC,1,1981490913,1823624751,70571579023,35.62,0.92
3,Apul-144,8740,TACAGAGCAA,AGGAATGATC,2,1981490913,1756579477,69229973575,34.94,0.89
3,Apul-145,8740,TTGGCCATAC,GCCTAGTGCA,1,2134229652,1927092311,75355126900,35.31,0.90
3,Apul-145,8740,TTGGCCATAC,GCCTAGTGCA,2,2134229652,1817892598,73137800633,34.27,0.85
3,Apul-146,8740,TCGCTTAAGC,CTAGGCGTGT,1,1787270664,1644118707,63643081006,35.61,0.92
3,Apul-146,8740,TCGCTTAAGC,CTAGGCGTGT,2,1787270664,1557577809,61881408752,34.62,0.87
3,Apul-147,8740,AGGACTGAAC,TGAAGCGACG,1,1845235386,1699323893,65751453473,35.63,0.92
3,Apul-147,8740,AGGACTGAAC,TGAAGCGACG,2,1845235386,1621977449,64179424855,34.78,0.88
3,Apul-148,8740,TTCAACAAGC,GAGCTCAGAC,1,2020483914,1772819955,70402302385,34.84,0.88
3,Apul-148,8740,TTCAACAAGC,GAGCTCAGAC,2,2020483914,1818383482,71162545647,35.22,0.90
3,Apul-149,8740,GTTGCCTGAC,CGGTTGCCAA,1,2464584906,2106224138,84822668070,34.42,0.85
3,Apul-149,8740,GTTGCCTGAC,CGGTTGCCAA,2,2464584906,2050775067,83517887245,33.89,0.83
3,Apul-150,8740,AATACACGGA,GCTGGTTAAT,1,2142229896,1898516821,74988838228,35.01,0.89
3,Apul-150,8740,AATACACGGA,GCTGGTTAAT,2,2142229896,1902093204,74953088265,34.99,0.89
3,Apul-151,8740,CCGCATTCCT,GCAACGAAGG,1,2464832310,2178059423,86164375701,34.96,0.88
3,Apul-151,8740,CCGCATTCCT,GCAACGAAGG,2,2464832310,2196488807,86357933052,35.04,0.89
3,Apul-152,8740,TTGGCAGATG,CGTTAATGAG,1,1811082663,1669816861,64567265619,35.65,0.92
3,Apul-152,8740,TTGGCAGATG,CGTTAATGAG,2,1811082663,1592892633,63014209997,34.79,0.88
3,Apul-153,8740,TGCCACTGTA,CAGCAGGTCA,1,1995062835,1829370224,70957609792,35.57,0.92
3,Apul-153,8740,TGCCACTGTA,CAGCAGGTCA,2,1995062835,1776403999,69870824132,35.02,0.89
3,Apul-154,8740,GACAATAGAG,TAGTGTACAC,1,1814543457,1679271277,64811973399,35.72,0.93
3,Apul-154,8740,GACAATAGAG,TAGTGTACAC,2,1814543457,1600683054,63236942176,34.85,0.88
3,Apul-155,8740,TGTGAGCGAA,GATCGGAGTT,1,2883187863,2532502427,100517242495,34.86,0.88
3,Apul-155,8740,TGTGAGCGAA,GATCGGAGTT,2,2883187863,2600040452,101641836590,35.25,0.90
3,Apul-156,8740,GACATGTCTC,TGGCAAGTGG,1,1591894167,1466153247,56729864017,35.64,0.92
3,Apul-156,8740,GACATGTCTC,TGGCAAGTGG,2,1591894167,1421142709,55828878858,35.07,0.89
3,Apul-157,8740,CCAATTAGGC,CATGTCGAGG,1,1493053407,1378511287,53269228425,35.68,0.92
3,Apul-157,8740,CCAATTAGGC,CATGTCGAGG,2,1493053407,1325197801,52209264095,34.97,0.89
3,Apul-158,8740,GTACCATGTC,TGGAATAGTG,1,1689086574,1558188520,60237316770,35.66,0.92
3,Apul-158,8740,GTACCATGTC,TGGAATAGTG,2,1689086574,1498519739,59045460475,34.96,0.89
3,Apul-159,8740,CGTAAGAGAA,GTACTCCAGG,1,1899738042,1685253026,66519209359,35.01,0.89
3,Apul-159,8740,CGTAAGAGAA,GTACTCCAGG,2,1899738042,1663280525,65943406890,34.71,0.88
3,Apul-160,8740,TCCAAGTTGT,GATCTACAGG,1,8952746538,7372049295,302805556017,33.82,0.82
3,Apul-160,8740,TCCAAGTTGT,GATCTACAGG,2,8952746538,8219561230,318500597450,35.58,0.92
3,Apul-161,8740,CTTGTCTTGC,AACCAATGTG,1,1834351995,1687393222,65334751681,35.62,0.92
3,Apul-161,8740,CTTGTCTTGC,AACCAATGTG,2,1834351995,1629936469,64171728040,34.98,0.89
3,Apul-162,8740,AACGACGCAT,AACTACAACG,1,2346120048,2144571127,83314991327,35.51,0.91
3,Apul-162,8740,AACGACGCAT,AACTACAACG,2,2346120048,2075004153,81881054094,34.90,0.88
3,Apul-163,8740,CTAGTCAGAA,TTGAATGCTG,1,1935716244,1791049167,69131976538,35.71,0.93
3,Apul-163,8740,CTAGTCAGAA,TTGAATGCTG,2,1935716244,1708542983,67492921893,34.87,0.88
3,Apul-164,8740,ACCGACTGCT,GAGTGTAGCG,1,2202517290,1972110100,77472288273,35.17,0.90
3,Apul-164,8740,ACCGACTGCT,GAGTGTAGCG,2,2202517290,1953575340,77003140592,34.96,0.89
3,Apul-165,8740,CGCTTCTCCT,GCCTAGCCAA,1,2606122254,2232066903,89800636676,34.46,0.86
3,Apul-165,8740,CGCTTCTCCT,GCCTAGCCAA,2,2606122254,2360820994,92099572160,35.34,0.91
3,Apul-166,8740,CAACCAGCGA,TATAAGGCCT,1,1947171558,1799442231,69496270499,35.69,0.92
3,Apul-166,8740,CAACCAGCGA,TATAAGGCCT,2,1947171558,1705137286,67625945958,34.73,0.88
3,Apul-167,8740,CCATTCTGTA,AGGTCTCGTC,1,1852910316,1708666707,66071509208,35.66,0.92
3,Apul-167,8740,CCATTCTGTA,AGGTCTCGTC,2,1852910316,1648449674,64858579251,35.00,0.89
3,Apul-168,8740,GTAATGCGGC,CGAATTCAAG,1,1818931698,1674499897,64806799156,35.63,0.92
3,Apul-168,8740,GTAATGCGGC,CGAATTCAAG,2,1818931698,1581206522,62929923295,34.60,0.87
3,Apul-169,8740,ATACCTGTGA,GCATTGTGCT,1,2915259435,2455064060,99656446483,34.18,0.84
3,Apul-169,8740,ATACCTGTGA,GCATTGTGCT,2,2915259435,2631602872,102846553265,35.28,0.90
3,Apul-170,8740,TCAGATTCAC,TGGAGTGCGA,1,2176309320,2006741492,77596692699,35.66,0.92
3,Apul-170,8740,TCAGATTCAC,TGGAGTGCGA,2,2176309320,1922615182,75897395750,34.87,0.88
3,Apul-171,8740,AAGACAGCTT,TCGCTGACCT,1,1836200847,1690588820,65418442287,35.63,0.92
3,Apul-171,8740,AAGACAGCTT,TCGCTGACCT,2,1836200847,1626512779,64113423269,34.92,0.89
3,Apul-172,8740,AGCTCACGAT,CCTCATCCGA,1,2284515975,2106682907,81452080046,35.65,0.92
3,Apul-172,8740,AGCTCACGAT,CCTCATCCGA,2,2284515975,2036726624,80034543143,35.03,0.89
3,Apul-173,8740,AATATGCGGC,CACCGTAAGT,1,2058638508,1898922400,73419334306,35.66,0.92
3,Apul-173,8740,AATATGCGGC,CACCGTAAGT,2,2058638508,1800536709,71453863250,34.71,0.87
3,Apul-174,8740,ATGTTAGACG,TTACTGCGTG,1,1783807644,1645371109,63615034484,35.66,0.92
3,Apul-174,8740,ATGTTAGACG,TTACTGCGTG,2,1783807644,1581569798,62326542847,34.94,0.89
3,Apul-175,8740,CTCGCATAGA,CGTTATCTAG,1,1689631626,1556160107,60192769558,35.62,0.92
3,Apul-175,8740,CTCGCATAGA,CGTTATCTAG,2,1689631626,1482823163,58727126471,34.76,0.88
3,Apul-176,8740,CGTCAGTACG,GAGAACACGG,1,1882708506,1708734855,66635861942,35.39,0.91
3,Apul-176,8740,CGTCAGTACG,GAGAACACGG,2,1882708506,1676112005,65941157889,35.02,0.89
3,Apul-177,8740,AACACAGCCG,AGACCTTGGT,1,1863045453,1679406543,65729948507,35.28,0.90
3,Apul-177,8740,AACACAGCCG,AGACCTTGGT,2,1863045453,1653275469,65147688531,34.97,0.89
3,Apul-178,8740,ATCACCGAAT,CGTAATCAGG,1,2212201344,2040798664,78890213599,35.66,0.92
3,Apul-178,8740,ATCACCGAAT,CGTAATCAGG,2,2212201344,1950927706,77078892599,34.84,0.88
3,Apul-179,8740,AGACGGCATC,AAGGTAACCT,1,2055906252,1898754479,73360990391,35.68,0.92
3,Apul-179,8740,AGACGGCATC,AAGGTAACCT,2,2055906252,1791449922,71222425279,34.64,0.87
3,Apul-180,8740,ACGTCACCTG,GTCTACGGTT,1,2115726027,1902533434,74570789482,35.25,0.90
3,Apul-180,8740,ACGTCACCTG,GTCTACGGTT,2,2115726027,1886357620,74156828075,35.05,0.89
3,Apul-181,8740,ATGTAGACCT,CTGTCTTGCA,1,1681959081,1551714186,59990527011,35.67,0.92
3,Apul-181,8740,ATGTAGACCT,CTGTCTTGCA,2,1681959081,1496539941,58875153325,35.00,0.89
3,Apul-182,8740,TACGTGTGAG,TATCGCTCCG,1,1804801050,1659768612,64289324847,35.62,0.92
3,Apul-182,8740,TACGTGTGAG,TATCGCTCCG,2,1804801050,1576471011,62567342247,34.67,0.87
3,Apul-183,8740,CTAGAGTGAT,CTCAGGCAGT,1,2339823171,2161354876,83504019630,35.69,0.92
3,Apul-183,8740,CTAGAGTGAT,CTCAGGCAGT,2,2339823171,2062194107,81495935672,34.83,0.88
3,Apul-184,8740,GCTGTCTCGT,TAAGCTGCCT,1,2080806447,1902009318,73894581617,35.51,0.91
3,Apul-184,8740,GCTGTCTCGT,TAAGCTGCCT,2,2080806447,1790790160,71604135005,34.41,0.86
3,Apul-185,8740,TTACGGAACA,TGACTCTGTC,1,2076364464,1857012470,72963161357,35.14,0.89
3,Apul-185,8740,TTACGGAACA,TGACTCTGTC,2,2076364464,1832001313,72352673728,34.85,0.88
3,Apul-186,8740,CCGACTCCTT,ACTGTCCTTG,1,2203725054,2034530493,78624705975,35.68,0.92
3,Apul-186,8740,CCGACTCCTT,ACTGTCCTTG,2,2203725054,1977158553,77484172769,35.16,0.90
3,Apul-187,8740,GAGTTGTCGG,GTGCTTGTGG,1,1739163942,1546172998,60973096735,35.06,0.89
3,Apul-187,8740,GAGTTGTCGG,GTGCTTGTGG,2,1739163942,1563627361,61243615823,35.21,0.90
3,Apul-188,8740,AGGTATGAGA,GAACTCTTGT,1,1810558599,1625542989,63765326829,35.22,0.90
3,Apul-188,8740,AGGTATGAGA,GAACTCTTGT,2,1810558599,1616251949,63516718916,35.08,0.89
3,Apul-189,8740,GTTCGATAAG,CGTATCTGGC,1,1707818046,1566705270,60750636222,35.57,0.92
3,Apul-189,8740,GTTCGATAAG,CGTATCTGGC,2,1707818046,1477772431,58933397634,34.51,0.87
3,Apul-190,8740,TCGTCCGCAT,CTACAATCCA,1,2232576081,2062269901,79662828715,35.68,0.92
3,Apul-190,8740,TCGTCCGCAT,CTACAATCCA,2,2232576081,1989911330,78199781573,35.03,0.89
3,Apul-191,8740,TCAGAACCTG,ACCGATCTAT,1,2028794049,1870169448,72322657817,35.65,0.92
3,Apul-191,8740,TCAGAACCTG,ACCGATCTAT,2,2028794049,1794312445,70780579847,34.89,0.88
3,Apul-192,8740,ACATCATCCT,AGTCCATAGT,1,1960566354,1811222323,69962622452,35.68,0.92
3,Apul-192,8740,ACATCATCCT,AGTCCATAGT,2,1960566354,1731023707,68362625781,34.87,0.88
3,Apul-193,8740,TCAGCACCGT,ACTGAATAGG,1,2629633107,2422507559,93721113496,35.64,0.92
3,Apul-193,8740,TCAGCACCGT,ACTGAATAGG,2,2629633107,2313127701,91515123531,34.80,0.88
3,Apul-194,8740,CTATAGCGAG,AGTCGACTAG,1,2112948933,1949165904,75363820370,35.67,0.92
3,Apul-194,8740,CTATAGCGAG,AGTCGACTAG,2,2112948933,1865015693,73656126733,34.86,0.88
3,Apul-195,8740,TTGGCCAGTT,ATGCTACCTG,1,1656659637,1528358808,59084509175,35.66,0.92
3,Apul-195,8740,TTGGCCAGTT,ATGCTACCTG,2,1656659637,1458942864,57674768278,34.81,0.88
3,Apul-196,8740,TTGCGCCAAG,CTCGGCTATC,1,1933873911,1783648077,68963548965,35.66,0.92
3,Apul-196,8740,TTGCGCCAAG,CTCGGCTATC,2,1933873911,1709566496,67456733602,34.88,0.88
3,Apul-197,8740,GCGATGACTA,CCGATTCTAA,1,1740361212,1597225171,61909097956,35.57,0.92
3,Apul-197,8740,GCGATGACTA,CCGATTCTAA,2,1740361212,1525315906,60428717501,34.72,0.88
3,Apul-198,8740,TTCAGAACAG,TACGTCTGTG,1,2010765357,1841051307,71466078463,35.54,0.92
3,Apul-198,8740,TTCAGAACAG,TACGTCTGTG,2,2010765357,1802115899,70656046077,35.14,0.90
3,Apul-199,8740,AGTGGACTGG,TAGCGGTTCT,1,1882693242,1739051853,67189221310,35.69,0.92
3,Apul-199,8740,AGTGGACTGG,TAGCGGTTCT,2,1882693242,1653426121,65455805431,34.77,0.88
3,Apul-200,8740,AAGCATGGTT,CTTGCTGTGG,1,1648972464,1526562150,58914344826,35.73,0.93
3,Apul-200,8740,AAGCATGGTT,CTTGCTGTGG,2,1648972464,1462292007,57639594584,34.95,0.89
3,Apul-201,8740,ACTGTCAATC,CGTCCTTAAC,1,2011868181,1849559968,71618244610,35.60,0.92
3,Apul-201,8740,ACTGTCAATC,CGTCCTTAAC,2,2011868181,1747986175,69549072719,34.57,0.87
3,Apul-202,8740,GTCGTCTTAC,AGCTCCGATT,1,1497799716,1381689599,53416675862,35.66,0.92
3,Apul-202,8740,GTCGTCTTAC,AGCTCCGATT,2,1497799716,1329068186,52359554030,34.96,0.89
3,Apul-203,8740,AGAGATGGTA,GCTTACGGAA,1,2354078316,2118118365,82991636846,35.25,0.90
3,Apul-203,8740,AGAGATGGTA,GCTTACGGAA,2,2354078316,2075154365,82017305645,34.84,0.88
3,Apul-204,8740,CTAACTCCGA,GATACTGCGG,1,2898003165,2480112824,99797522822,34.44,0.86
3,Apul-204,8740,CTAACTCCGA,GATACTGCGG,2,2898003165,2597825622,101847815531,35.14,0.90
3,Apul-205,8740,TGTGCGCATC,TAGTCCGTTC,1,1847362329,1710625518,66001852631,35.73,0.93
3,Apul-205,8740,TGTGCGCATC,TAGTCCGTTC,2,1847362329,1636496285,64523198181,34.93,0.89
3,Apul-206,8740,TCTAGGCATA,TGTGGAAGAT,1,2081773326,1922625230,74280153054,35.68,0.92
3,Apul-206,8740,TCTAGGCATA,TGTGGAAGAT,2,2081773326,1851607034,72877997315,35.01,0.89
3,Apul-207,8740,GTTCTACGAA,CTACAGACAA,1,1818536901,1671510900,64733620794,35.60,0.92
3,Apul-207,8740,GTTCTACGAA,CTACAGACAA,2,1818536901,1609238523,63455769201,34.89,0.88
3,Apul-208,8740,AGGCGATCTG,CGTCGTAATT,1,1675748223,1548447171,59809867071,35.69,0.92
3,Apul-208,8740,AGGCGATCTG,CGTCGTAATT,2,1675748223,1491998883,58675288694,35.01,0.89
3,Apul-209,8740,AATGTGGCGT,TGTCAGGTAG,1,2235688983,2054407591,79601840597,35.61,0.92
3,Apul-209,8740,AATGTGGCGT,TGTCAGGTAG,2,2235688983,1995322062,78408496905,35.07,0.89
3,Apul-210,8740,TCAAGTTCCT,CAAGTTCTAG,1,2105159364,1912118998,74536497551,35.41,0.91
3,Apul-210,8740,TCAAGTTCCT,CAAGTTCTAG,2,2105159364,1859052691,73405890124,34.87,0.88
3,Apul-211,8740,GACGAACGTA,TCGTCCTTCA,1,1837807224,1691352115,65465984765,35.62,0.92
3,Apul-211,8740,GACGAACGTA,TCGTCCTTCA,2,1837807224,1631560947,64260292198,34.97,0.89
3,Apul-212,8740,CGATGATAGC,TAGCCGTGAT,1,2003688903,1804791269,70676518854,35.27,0.90
3,Apul-212,8740,CGATGATAGC,TAGCCGTGAT,2,2003688903,1790328341,70316945007,35.09,0.89
3,Apul-213,8740,CAACCACAAC,ACAGCCTTGG,1,1945678389,1792206978,69346976312,35.64,0.92
3,Apul-213,8740,CAACCACAAC,ACAGCCTTGG,2,1945678389,1714602737,67785437382,34.84,0.88
3,Apul-214,8740,TGAGATCAAG,ACCGCTTACT,1,1919930565,1773482330,68518517305,35.69,0.92
3,Apul-214,8740,TGAGATCAAG,ACCGCTTACT,2,1919930565,1697170560,66977065285,34.89,0.88
3,Apul-215,8740,CTAAGATCCT,AACACGAGCG,1,2156412219,1992247260,76965072659,35.69,0.92
3,Apul-215,8740,CTAAGATCCT,AACACGAGCG,2,2156412219,1894897838,74998702744,34.78,0.88
3,Apul-216,8740,ACTGTGAGGC,ACCATACCAT,1,2006050371,1847041848,71480775637,35.63,0.92
3,Apul-216,8740,ACTGTGAGGC,ACCATACCAT,2,2006050371,1773025837,69975839362,34.88,0.88
3,Apul-217,8740,TCGTGGCTAG,GCCAGCAGTA,1,2261965482,2039535994,79821456597,35.29,0.90
3,Apul-217,8740,TCGTGGCTAG,GCCAGCAGTA,2,2261965482,1993763350,78844194609,34.86,0.88
3,Apul-218,8740,TTCACACAGT,CTTCAGTGTT,1,2523404730,2311161855,89704848835,35.55,0.92
3,Apul-218,8740,TTCACACAGT,CTTCAGTGTT,2,2523404730,2196793584,87403803201,34.64,0.87
3,Apul-219,8740,ACGCGGACTT,TATTGCCTCG,1,2324657592,2149842259,83007878354,35.71,0.92
3,Apul-219,8740,ACGCGGACTT,TATTGCCTCG,2,2324657592,2068981285,81392857694,35.01,0.89
3,Apul-220,8740,AGACCTAGCT,CACAAGTATC,1,1694359968,1562743290,60424097203,35.66,0.92
3,Apul-220,8740,AGACCTAGCT,CACAAGTATC,2,1694359968,1489879870,58948715739,34.79,0.88
3,Apul-221,8740,AGAATCCTTC,TGCCAGGTGT,1,1775355840,1640028848,63357347558,35.69,0.92
3,Apul-221,8740,AGAATCCTTC,TGCCAGGTGT,2,1775355840,1573591689,62034677451,34.94,0.89
3,Apul-222,8740,GAGCATCCAT,TCACGTCCAC,1,1727876373,1594272054,61619561277,35.66,0.92
3,Apul-222,8740,GAGCATCCAT,TCACGTCCAC,2,1727876373,1519604063,60116143773,34.79,0.88
3,Apul-223,8740,GTTATTAGGC,CTCGATGAAC,1,1896464232,1750299103,67652749367,35.67,0.92
3,Apul-223,8740,GTTATTAGGC,CTCGATGAAC,2,1896464232,1660970291,65845126825,34.72,0.88
3,Apul-224,8740,TGTGAAGCTA,ACGCGATTCA,1,1881916209,1728457292,66979237186,35.59,0.92
3,Apul-224,8740,TGTGAAGCTA,ACGCGATTCA,2,1881916209,1666871918,65717313494,34.92,0.89
3,Apul-225,8740,CCGGTTCATG,AGACGTCTTG,1,1961083422,1767082037,69192198753,35.28,0.90
3,Apul-225,8740,CCGGTTCATG,AGACGTCTTG,2,1961083422,1766288302,69100110927,35.24,0.90
3,Apul-226,8740,TAATCTACGG,CTGGCACTTA,1,2060827461,1901054460,73494047168,35.66,0.92
3,Apul-226,8740,TAATCTACGG,CTGGCACTTA,2,2060827461,1835068714,72162579841,35.02,0.89
3,Apul-227,8740,AGAGACAATG,GAGGTATATC,1,2033710170,1818920722,71496918414,35.16,0.89
3,Apul-227,8740,AGAGACAATG,GAGGTATATC,2,2033710170,1803231665,71075126828,34.95,0.89
3,Apul-228,8740,CTGCGTACTC,CTGATGGCAA,1,1919304423,1771142934,68458826714,35.67,0.92
3,Apul-228,8740,CTGCGTACTC,CTGATGGCAA,2,1919304423,1708939751,67206180157,35.02,0.89
3,Apul-229,8740,GCCTTACTTA,GCACCTTAAC,1,2012623590,1793946333,70646052137,35.10,0.89
3,Apul-229,8740,GCCTTACTTA,GCACCTTAAC,2,2012623590,1786532579,70409459651,34.98,0.89
3,Apul-230,8740,CGGAACGAAG,ACCATCGCCT,1,1916879832,1747601167,67996204278,35.47,0.91
3,Apul-230,8740,CGGAACGAAG,ACCATCGCCT,2,1916879832,1715024235,67295186116,35.11,0.89
3,Apul-231,8740,TATCGTTGTG,TGTGTCCGCA,1,1862465421,1711755653,66315047819,35.61,0.92
3,Apul-231,8740,TATCGTTGTG,TGTGTCCGCA,2,1862465421,1651568438,65075353767,34.94,0.89
3,Apul-232,8740,AACTCGACAT,GTGGTTGAAG,1,1970985147,1792593700,69830921140,35.43,0.91
3,Apul-232,8740,AACTCGACAT,GTGGTTGAAG,2,1970985147,1763912976,69221329519,35.12,0.89
3,Apul-233,8740,GCAGTCTTAT,TAATGGCCGG,1,2076621885,1921273326,74161029933,35.71,0.93
3,Apul-233,8740,GCAGTCTTAT,TAATGGCCGG,2,2076621885,1834639019,72426474415,34.88,0.88
3,Undetermined,Undetermined,,,1,16700129340,11772677304,520375810995,31.16,0.70
3,Undetermined,Undetermined,,,2,16700129340,9846145794,472562589155,28.30,0.59
