site,date_time.x,date_sampled,time_sampled,tag_no,bag_no,gps_id,collected_by,basket_no,date_CBASS,depth_ft,camera_id,note,...13,date_time_min,time,lat,lon,date_time.y,date
mahana,2022-12-03T21:58:00Z,20221203,11:58:00,1,1,Shedd1,RC/SM,1,20221204,NA,NA,NA,NA,2022-12-03 11:58,2022-12-03T21:58:51Z,-17.489993730559945,-149.88651618361473,2022-12-03T21:58:51Z,2022-12-03
mahana,2022-12-03T22:11:00Z,20221203,12:11:00,2,2,Shedd1,RC/SM,2,20221204,NA,NA,NA,NA,2022-12-03 12:11,2022-12-03T22:11:49Z,-17.489792564883828,-149.8865018505603,2022-12-03T22:11:49Z,2022-12-03
mahana,2022-12-03T22:20:00Z,20221203,12:20:00,3,3,Shedd1,RC/SM,3,20221204,NA,NA,NA,NA,2022-12-03 12:20,2022-12-03T22:20:57Z,-17.489188984036446,-149.88659597933292,2022-12-03T22:20:57Z,2022-12-03
mahana,2022-12-03T22:28:00Z,20221203,12:28:00,4,4,Shedd1,RC/SM,4,20221204,NA,NA,NA,NA,2022-12-03 12:28,2022-12-03T22:28:57Z,-17.48888581059873,-149.88660721108317,2022-12-03T22:28:57Z,2022-12-03
mahana,2022-12-03T22:38:00Z,20221203,12:38:00,5,5,Shedd1,RC/SM,5,20221204,NA,NA,NA,NA,2022-12-03 12:38,2022-12-03T22:38:59Z,-17.488527903333306,-149.88653252832592,2022-12-03T22:38:59Z,2022-12-03
mahana,2022-12-03T22:49:00Z,20221203,12:49:00,6,6,Shedd1,RC/SM,6,20221204,NA,NA,NA,NA,2022-12-03 12:49,2022-12-03T22:49:46Z,-17.488151639699936,-149.88659631460905,2022-12-03T22:49:46Z,2022-12-03
mahana,2022-12-03T22:56:00Z,20221203,12:56:00,7,7,Shedd1,RC/SM,7,20221204,NA,NA,NA,NA,2022-12-03 12:56,2022-12-03T22:56:55Z,-17.488005459308624,-149.88663218915462,2022-12-03T22:56:55Z,2022-12-03
mahana,2022-12-03T23:03:00Z,20221203,13:03:00,8,8,Shedd1,RC/SM,8,20221204,NA,NA,NA,NA,2022-12-03 13:03,2022-12-03T23:03:50Z,-17.487787194550037,-149.88657678477466,2022-12-03T23:03:50Z,2022-12-03
mahana,2022-12-03T23:10:00Z,20221203,13:10:00,9,9,Shedd1,RC/SM,9,20221204,NA,NA,NA,NA,2022-12-03 13:10,2022-12-03T23:10:46Z,-17.48776188120246,-149.88638592883945,2022-12-03T23:10:46Z,2022-12-03
mahana,2022-12-03T23:19:00Z,20221203,13:19:00,10,10,Shedd1,RC/SM,10,20221204,NA,NA,NA,NA,2022-12-03 13:19,2022-12-03T23:19:59Z,-17.487634979188442,-149.8863601963967,2022-12-03T23:19:59Z,2022-12-03
mahana,2022-12-03T22:02:00Z,20221203,12:02:00,11,11,Shedd3,HP/PH,11,20221204,NA,NA,NA,NA,2022-12-03 12:02,2022-12-03T22:02:50Z,-17.48994553461671,-149.88657125271857,2022-12-03T22:02:50Z,2022-12-03
mahana,2022-12-03T22:13:00Z,20221203,12:13:00,12,12,Shedd3,HP/PH,12,20221204,NA,NA,NA,NA,2022-12-03 12:13,2022-12-03T22:13:49Z,-17.489648647606373,-149.88638559356332,2022-12-03T22:13:49Z,2022-12-03
mahana,2022-12-03T22:22:00Z,20221203,12:22:00,13,13,Shedd3,HP/PH,13,20221204,NA,NA,NA,NA,2022-12-03 12:22,2022-12-03T22:22:38Z,-17.48901229351759,-149.88645114004612,2022-12-03T22:22:38Z,2022-12-03
mahana,2022-12-03T22:30:00Z,20221203,12:30:00,14,14,Shedd3,HP/PH,14,20221204,NA,NA,NA,NA,2022-12-03 12:30,2022-12-03T22:30:15Z,-17.488937778398395,-149.88631040789187,2022-12-03T22:30:15Z,2022-12-03
mahana,2022-12-03T22:36:00Z,20221203,12:36:00,15,15,Shedd3,HP/PH,15,20221204,NA,NA,NA,NA,2022-12-03 12:36,2022-12-03T22:36:48Z,-17.488739797845483,-149.8861136008054,2022-12-03T22:36:48Z,2022-12-03
mahana,2022-12-03T22:43:00Z,20221203,12:43:00,16,16,Shedd3,HP/PH,16,20221204,NA,NA,NA,NA,2022-12-03 12:43,2022-12-03T22:43:57Z,-17.488635191693902,-149.88608510233462,2022-12-03T22:43:57Z,2022-12-03
mahana,2022-12-03T22:49:00Z,20221203,12:49:00,17,17,Shedd3,HP/PH,17,20221204,NA,NA,NA,NA,2022-12-03 12:49,NA,NA,NA,NA,NA
mahana,2022-12-03T22:54:00Z,20221203,12:54:00,18,18,Shedd3,HP/PH,18,20221204,NA,NA,NA,NA,2022-12-03 12:54,2022-12-03T22:54:17Z,-17.48853536322713,-149.88608677871525,2022-12-03T22:54:17Z,2022-12-03
mahana,2022-12-03T23:02:00Z,20221203,13:02:00,19,19,Shedd3,HP/PH,19,20221204,NA,NA,NA,NA,2022-12-03 13:02,NA,NA,NA,NA,NA
mahana,2022-12-03T23:12:00Z,20221203,13:12:00,20,20,Shedd3,HP/PH,20,20221204,NA,NA,NA,NA,2022-12-03 13:12,2022-12-03T23:12:27Z,-17.48789490200579,-149.88618384115398,2022-12-03T23:12:27Z,2022-12-03
mahana,2022-12-05T00:48:00Z,20221204,14:48:00,41,31,Shedd1,SM,47,20221205,NA,NA,NA,NA,2022-12-04 14:48,2022-12-05T00:48:51Z,-17.487347647547722,-149.88775578327477,2022-12-05T00:48:51Z,2022-12-04
mahana,2022-12-05T00:59:00Z,20221204,14:59:00,42,32,Shedd1,SM,51,20221205,NA,NA,NA,NA,2022-12-04 14:59,2022-12-05T00:59:51Z,-17.48730062507093,-149.88770968280733,2022-12-05T00:59:51Z,2022-12-04
mahana,2022-12-05T01:06:00Z,20221204,15:06:00,43,33,Shedd1,SM,72,20221205,NA,NA,NA,NA,2022-12-04 15:06,2022-12-05T01:06:48Z,-17.487276317551732,-149.887949321419,2022-12-05T01:06:48Z,2022-12-04
mahana,2022-12-05T01:15:00Z,20221204,15:15:00,44,34,Shedd1,SM,35,20221205,NA,NA,NA,NA,2022-12-04 15:15,2022-12-05T01:15:46Z,-17.487378492951393,-149.88804856315255,2022-12-05T01:15:46Z,2022-12-04
mahana,2022-12-05T01:20:00Z,20221204,15:20:00,45,35,Shedd1,SM,54,20221205,NA,NA,NA,NA,2022-12-04 15:20,2022-12-05T01:20:51Z,-17.48753121122718,-149.8878576233983,2022-12-05T01:20:51Z,2022-12-04
mahana,2022-12-05T01:26:00Z,20221204,15:26:00,46,36,Shedd1,SM,57,20221205,NA,NA,NA,NA,2022-12-04 15:26,2022-12-05T01:26:54Z,-17.487655682489276,-149.8878063261509,2022-12-05T01:26:54Z,2022-12-04
mahana,2022-12-05T01:32:00Z,20221204,15:32:00,47,37,Shedd1,SM,61,20221205,NA,NA,NA,NA,2022-12-04 15:32,2022-12-05T01:32:52Z,-17.48781904578209,-149.88789333030581,2022-12-05T01:32:52Z,2022-12-04
mahana,2022-12-05T01:38:00Z,20221204,15:38:00,48,38,Shedd1,SM,93,20221205,NA,NA,NA,NA,2022-12-04 15:38,2022-12-05T01:38:55Z,-17.487932620570064,-149.88797295838594,2022-12-05T01:38:55Z,2022-12-04
mahana,2022-12-05T01:43:00Z,20221204,15:43:00,49,39,Shedd1,SM,44,20221205,NA,NA,NA,NA,2022-12-04 15:43,2022-12-05T01:43:41Z,-17.48806731775403,-149.88791529089212,2022-12-05T01:43:41Z,2022-12-04
mahana,2022-12-05T01:48:00Z,20221204,15:48:00,50,40,Shedd1,SM,40,20221205,NA,NA,NA,NA,2022-12-04 15:48,2022-12-05T01:48:50Z,-17.488369988277555,-149.88786533474922,2022-12-05T01:48:50Z,2022-12-04
mahana,2022-12-05T01:56:00Z,20221204,15:56:00,21,11,Shedd1,SM,85,20221205,NA,NA,NA,NA,2022-12-04 15:56,2022-12-05T01:56:44Z,-17.48866100795567,-149.8877508379519,2022-12-05T01:56:44Z,2022-12-04
mahana,2022-12-05T02:09:00Z,20221204,16:09:00,23,12,Shedd1,SM,29,20221205,NA,NA,NA,NA,2022-12-04 16:09,2022-12-05T02:09:56Z,-17.48959131538868,-149.8872880730778,2022-12-05T02:09:56Z,2022-12-04
mahana,2022-12-05T02:13:00Z,20221204,16:13:00,24,20,Shedd1,SM,50,20221205,NA,NA,NA,NA,2022-12-04 16:13,2022-12-05T02:13:57Z,-17.489707991480827,-149.88725228235126,2022-12-05T02:13:57Z,2022-12-04
mahana,2022-12-05T02:16:00Z,20221204,16:16:00,25,13,Shedd1,SM,24,20221205,NA,NA,NA,NA,2022-12-04 16:16,2022-12-05T02:16:45Z,-17.489766916260123,-149.88735856488344,2022-12-05T02:16:45Z,2022-12-04
mahana,2022-12-05T02:20:00Z,20221204,16:20:00,26,19,Shedd1,SM,32,20221205,NA,NA,NA,NA,2022-12-04 16:20,2022-12-05T02:20:45Z,-17.489833384752274,-149.8873538710177,2022-12-05T02:20:45Z,2022-12-04
mahana,2022-12-05T02:23:00Z,20221204,16:23:00,27,16,Shedd1,SM,22,20221205,NA,NA,NA,NA,2022-12-04 16:23,2022-12-05T02:23:46Z,-17.489890633150935,-149.8872217722237,2022-12-05T02:23:46Z,2022-12-04
mahana,2022-12-05T02:26:00Z,20221204,16:26:00,28,14,Shedd1,SM,66,20221205,NA,NA,NA,NA,2022-12-04 16:26,2022-12-05T02:26:41Z,-17.490122728049755,-149.8871270567179,2022-12-05T02:26:41Z,2022-12-04
mahana,2022-12-05T02:30:00Z,20221204,16:30:00,29,15,Shedd1,SM,23,20221205,NA,NA,NA,NA,2022-12-04 16:30,2022-12-05T02:30:57Z,-17.490291371941566,-149.88694139756262,2022-12-05T02:30:57Z,2022-12-04
mahana,2022-12-05T02:34:00Z,20221204,16:34:00,30,18,Shedd1,SM,55,20221205,NA,NA,NA,NA,2022-12-04 16:34,2022-12-05T02:34:51Z,-17.490243259817362,-149.88685221411288,2022-12-05T02:34:51Z,2022-12-04
mahana,2022-12-05T00:51:00Z,20221204,14:51:00,51,1,Shedd3,HP/PH,99,20221205,NA,NA,NA,NA,2022-12-04 14:51,2022-12-05T00:51:46Z,-17.487225020304322,-149.88742318935692,2022-12-05T00:51:46Z,2022-12-04
mahana,2022-12-05T00:56:00Z,20221204,14:56:00,52,2,Shedd3,HP/PH,95,20221205,NA,NA,NA,NA,2022-12-04 14:56,2022-12-05T00:56:42Z,-17.487315963953733,-149.88731439225376,2022-12-05T00:56:42Z,2022-12-04
mahana,2022-12-05T00:59:00Z,20221204,14:59:00,53,3,Shedd3,HP/PH,88,20221205,NA,NA,NA,NA,2022-12-04 14:59,2022-12-05T00:59:44Z,-17.48724245466292,-149.88729427568614,2022-12-05T00:59:44Z,2022-12-04
mahana,2022-12-05T01:02:00Z,20221204,15:02:00,54,4,Shedd3,HP/PH,96,20221205,NA,NA,NA,NA,2022-12-04 15:02,2022-12-05T01:02:59Z,-17.48707883991301,-149.88730223849416,2022-12-05T01:02:59Z,2022-12-04
mahana,2022-12-05T01:05:00Z,20221204,15:05:00,55,5,Shedd3,HP/PH,48,20221205,NA,NA,NA,NA,2022-12-04 15:05,2022-12-05T01:05:39Z,-17.487159809097648,-149.88741640001535,2022-12-05T01:05:39Z,2022-12-04
mahana,2022-12-05T01:10:00Z,20221204,15:10:00,56,6,Shedd3,HP/PH,73,20221205,NA,NA,NA,NA,2022-12-04 15:10,2022-12-05T01:10:47Z,-17.487273635342717,-149.8874572198838,2022-12-05T01:10:47Z,2022-12-04
mahana,2022-12-05T01:13:00Z,20221204,15:13:00,57,7,Shedd3,HP/PH,87,20221205,NA,NA,NA,NA,2022-12-04 15:13,2022-12-05T01:13:39Z,-17.48728503473103,-149.8875724710524,2022-12-05T01:13:39Z,2022-12-04
mahana,2022-12-05T01:18:00Z,20221204,15:18:00,58,8,Shedd3,HP/PH,21,20221205,NA,NA,NA,NA,2022-12-04 15:18,2022-12-05T01:18:50Z,-17.487616622820497,-149.88751513883471,2022-12-05T01:18:50Z,2022-12-04
mahana,2022-12-05T01:19:00Z,20221204,15:19:00,59,9,Shedd3,HP/PH,49,20221205,NA,NA,NA,NA,2022-12-04 15:19,2022-12-05T01:19:42Z,-17.487602373585105,-149.88749091513455,2022-12-05T01:19:42Z,2022-12-04
mahana,2022-12-05T01:22:00Z,20221204,15:22:00,60,10,Shedd3,HP/PH,52,20221205,NA,NA,NA,NA,2022-12-04 15:22,2022-12-05T01:22:50Z,-17.487579910084605,-149.88746836781502,2022-12-05T01:22:50Z,2022-12-04
mahana,2022-12-05T01:28:00Z,20221204,15:28:00,31,21,Shedd3,HP/PH,16,20221205,NA,NA,NA,NA,2022-12-04 15:28,2022-12-05T01:28:34Z,-17.48771117068827,-149.88740508444607,2022-12-05T01:28:34Z,2022-12-04
mahana,2022-12-05T01:31:00Z,20221204,15:31:00,32,22,Shedd3,HP/PH,46,20221205,NA,NA,NA,NA,2022-12-04 15:31,2022-12-05T01:31:56Z,-17.48791971243918,-149.88739293068647,2022-12-05T01:31:56Z,2022-12-04
mahana,2022-12-05T01:35:00Z,20221204,15:35:00,33,23,Shedd3,HP/PH,20,20221205,NA,NA,NA,NA,2022-12-04 15:35,2022-12-05T01:35:40Z,-17.487948378548026,-149.88757104612887,2022-12-05T01:35:40Z,2022-12-04
mahana,2022-12-05T01:39:00Z,20221204,15:39:00,34,24,Shedd3,HP/PH,43,20221205,NA,NA,NA,NA,2022-12-04 15:39,2022-12-05T01:39:56Z,-17.488060360774398,-149.88770071417093,2022-12-05T01:39:56Z,2022-12-04
mahana,2022-12-05T01:41:00Z,20221204,15:41:00,35,25,Shedd3,HP/PH,37,20221205,NA,NA,NA,NA,2022-12-04 15:41,2022-12-05T01:41:48Z,-17.488067653030157,-149.88765696063638,2022-12-05T01:41:48Z,2022-12-04
mahana,2022-12-05T01:46:00Z,20221204,15:46:00,36,26,Shedd3,HP/PH,42,20221205,NA,NA,NA,NA,2022-12-04 15:46,2022-12-05T01:46:58Z,-17.488289941102266,-149.88763282075524,2022-12-05T01:46:58Z,2022-12-04
mahana,2022-12-05T01:51:00Z,20221204,15:51:00,37,27,Shedd3,HP/PH,26,20221205,NA,NA,NA,NA,2022-12-04 15:51,2022-12-05T01:51:57Z,-17.4883883446455,-149.8875085171312,2022-12-05T01:51:57Z,2022-12-04
mahana,2022-12-05T01:54:00Z,20221204,15:54:00,38,28,Shedd3,HP/PH,45,20221205,NA,NA,NA,NA,2022-12-04 15:54,2022-12-05T01:54:40Z,-17.488500913605094,-149.88756643608212,2022-12-05T01:54:40Z,2022-12-04
mahana,2022-12-05T01:58:00Z,20221204,15:58:00,39,29,Shedd3,HP/PH,30,20221205,NA,NA,NA,NA,2022-12-04 15:58,2022-12-05T01:58:50Z,-17.48873325996101,-149.88756693899632,2022-12-05T01:58:50Z,2022-12-04
mahana,2022-12-05T02:04:00Z,20221204,16:04:00,40,30,Shedd3,HP/PH,79,20221205,NA,NA,NA,NA,2022-12-04 16:04,2022-12-05T02:04:48Z,-17.488841386511922,-149.8874833714217,2022-12-05T02:04:48Z,2022-12-04
ap1,2022-12-06T00:18:00Z,20221205,14:18:00,73,1,Shedd1,RC/HM/FP/RD,57,20221206,NA,NA,NA,NA,2022-12-05 14:18,2022-12-06T00:18:59Z,-17.482580272480845,-149.81250515207648,2022-12-06T00:18:59Z,2022-12-05
ap1,2022-12-06T00:30:00Z,20221205,14:30:00,71,2,Shedd1,RC/HM/FP/RD,96,20221206,NA,NA,NA,NA,2022-12-05 14:30,2022-12-06T00:30:40Z,-17.48249846510589,-149.81205521151423,2022-12-06T00:30:40Z,2022-12-05
ap1,2022-12-06T00:37:00Z,20221205,14:37:00,91,3,Shedd1,RC/HM/FP/RD,54,20221206,NA,NA,NA,NA,2022-12-05 14:37,2022-12-06T00:37:48Z,-17.48265713453293,-149.81187877245247,2022-12-06T00:37:48Z,2022-12-05
ap1,2022-12-06T00:45:00Z,20221205,14:45:00,72,4,Shedd1,RC/HM/FP/RD,37,20221206,NA,NA,NA,NA,2022-12-05 14:45,2022-12-06T00:45:47Z,-17.48259904794395,-149.81149865314364,2022-12-06T00:45:47Z,2022-12-05
ap1,2022-12-06T00:50:00Z,20221205,14:50:00,92,5,Shedd1,RC/HM/FP/RD,40,20221206,NA,NA,NA,NA,2022-12-05 14:50,2022-12-06T00:50:53Z,-17.48269971460104,-149.81132162734866,2022-12-06T00:50:53Z,2022-12-05
ap1,2022-12-06T00:53:00Z,20221205,14:53:00,94,6,Shedd1,RC/HM/FP/RD,85,20221206,NA,NA,NA,NA,2022-12-05 14:53,2022-12-06T00:53:58Z,-17.482620170339942,-149.81130989268422,2022-12-06T00:53:58Z,2022-12-05
ap1,2022-12-06T01:02:00Z,20221205,15:02:00,93,7,Shedd1,RC/HM/FP/RD,32,20221206,NA,NA,NA,NA,2022-12-05 15:02,2022-12-06T01:02:36Z,-17.482590582221746,-149.81126060709357,2022-12-06T01:02:36Z,2022-12-05
ap1,2022-12-06T01:37:00Z,20221205,15:37:00,77,8,Shedd1,RC/HM/FP/RD,22,20221206,NA,NA,NA,NA,2022-12-05 15:37,2022-12-06T01:37:51Z,-17.48274070210755,-149.81295400299132,2022-12-06T01:37:51Z,2022-12-05
ap1,2022-12-06T01:44:00Z,20221205,15:44:00,76,9,Shedd1,RC/HM/FP/RD,66,20221206,NA,NA,NA,NA,2022-12-05 15:44,2022-12-06T01:44:56Z,-17.482798034325242,-149.81323387473822,2022-12-06T01:44:56Z,2022-12-05
ap1,2022-12-06T01:49:00Z,20221205,15:49:00,75,10,Shedd1,RC/HM/FP/RD,26,20221206,NA,NA,NA,NA,2022-12-05 15:49,2022-12-06T01:49:45Z,-17.482825191691518,-149.81333579868075,2022-12-06T01:49:45Z,2022-12-05
ap4,2022-12-06T00:52:00Z,20221205,14:52:00,61,21,Shedd3,HP/PH,88,20221206,NA,NA,NA,NA,2022-12-05 14:52,NA,NA,NA,NA,NA
ap4,2022-12-06T00:55:00Z,20221205,14:55:00,62,22,Shedd3,HP/PH,79,20221206,NA,NA,NA,NA,2022-12-05 14:55,NA,NA,NA,NA,NA
ap4,2022-12-06T01:00:00Z,20221205,15:00:00,63,23,Shedd3,HP/PH,47,20221206,NA,NA,NA,NA,2022-12-05 15:00,NA,NA,NA,NA,NA
ap4,2022-12-06T01:01:00Z,20221205,15:01:00,64,24,Shedd3,HP/PH,95,20221206,NA,NA,NA,NA,2022-12-05 15:01,NA,NA,NA,NA,NA
ap4,2022-12-06T01:06:00Z,20221205,15:06:00,65,25,Shedd3,HP/PH,55,20221206,NA,NA,NA,NA,2022-12-05 15:06,NA,NA,NA,NA,NA
ap4,2022-12-06T01:11:00Z,20221205,15:11:00,66,26,Shedd3,HP/PH,44,20221206,NA,NA,NA,NA,2022-12-05 15:11,NA,NA,NA,NA,NA
ap4,2022-12-06T01:15:00Z,20221205,15:15:00,67,27,Shedd3,HP/PH,43,20221206,NA,NA,NA,NA,2022-12-05 15:15,NA,NA,NA,NA,NA
ap4,2022-12-06T01:22:00Z,20221205,15:22:00,68,28,Shedd3,HP/PH,42,20221206,NA,NA,NA,NA,2022-12-05 15:22,NA,NA,NA,NA,NA
ap4,2022-12-06T01:29:00Z,20221205,15:29:00,69,29,Shedd3,HP/PH,50,20221206,NA,NA,NA,NA,2022-12-05 15:29,NA,NA,NA,NA,NA
ap4,2022-12-06T01:30:00Z,20221205,15:30:00,70,30,Shedd3,HP/PH,93,20221206,NA,NA,NA,NA,2022-12-05 15:30,NA,NA,NA,NA,NA
ap4,2022-12-06T01:35:00Z,20221205,15:35:00,81,31,Shedd3,HP/PH,87,20221206,NA,NA,NA,NA,2022-12-05 15:35,NA,NA,NA,NA,NA
ap4,2022-12-06T02:00:00Z,20221205,16:00:00,82,32,Shedd3,HP/PH,51,20221206,NA,NA,NA,NA,2022-12-05 16:00,NA,NA,NA,NA,NA
ap4,2022-12-09T19:52:00Z,20221209,09:52:00,104,38,Shedd1,RC/SM,87,20221210,NA,NA,NA,NA,2022-12-09 09:52,2022-12-09T19:52:46Z,-17.47726413421333,-149.7861710563302,2022-12-09T19:52:46Z,2022-12-09
ap4,2022-12-09T19:57:00Z,20221209,09:57:00,95,36,Shedd1,RC/SM,85,20221210,NA,NA,NA,NA,2022-12-09 09:57,2022-12-09T19:57:54Z,-17.47744157910347,-149.78653089143336,2022-12-09T19:57:54Z,2022-12-09
ap4,2022-12-09T20:02:00Z,20221209,10:02:00,109,37,Shedd1,RC/SM,50,20221210,NA,NA,NA,NA,2022-12-09 10:02,2022-12-09T20:02:51Z,-17.477526906877756,-149.78651521727443,2022-12-09T20:02:51Z,2022-12-09
ap4,2022-12-09T20:08:00Z,20221209,10:08:00,110,39,Shedd1,RC/SM,72,20221210,NA,NA,NA,NA,2022-12-09 10:08,2022-12-09T20:08:49Z,-17.477437304332852,-149.78700421750543,2022-12-09T20:08:49Z,2022-12-09
ap4,2022-12-09T20:14:00Z,20221209,10:14:00,98,29,Shedd1,RC/SM,35,20221210,NA,NA,NA,NA,2022-12-09 10:14,2022-12-09T20:14:54Z,-17.47708920389414,-149.7871415130794,2022-12-09T20:14:54Z,2022-12-09
ap4,2022-12-09T20:20:00Z,20221209,10:20:00,96,44,Shedd1,RC/SM,46,20221210,NA,NA,NA,NA,2022-12-09 10:20,2022-12-09T20:20:36Z,-17.47696565464139,-149.78755633346736,2022-12-09T20:20:36Z,2022-12-09
ap4,2022-12-09T20:24:00Z,20221209,10:24:00,106,43,Shedd1,RC/SM,20,20221210,NA,NA,NA,NA,2022-12-09 10:24,2022-12-09T20:24:54Z,-17.47707411646843,-149.7875032760203,2022-12-09T20:24:54Z,2022-12-09
ap4,2022-12-09T20:29:00Z,20221209,10:29:00,97,42,Shedd1,RC/SM,26,20221210,NA,NA,NA,NA,2022-12-09 10:29,2022-12-09T20:29:33Z,-17.47731702402234,-149.78749916888773,2022-12-09T20:29:33Z,2022-12-09
ap4,2022-12-09T20:31:00Z,20221209,10:31:00,105,6,Shedd1,RC/SM,49,20221210,NA,NA,NA,NA,2022-12-09 10:31,2022-12-09T20:31:46Z,-17.477336637675762,-149.78741493076086,2022-12-09T20:31:46Z,2022-12-09
ap4,2022-12-09T20:39:00Z,20221209,10:39:00,101,18,Shedd1,RC/SM,48,20221210,NA,NA,NA,NA,2022-12-09 10:39,2022-12-09T20:39:49Z,-17.477458594366908,-149.7878688108176,2022-12-09T20:39:49Z,2022-12-09
ap1,2022-12-09T21:32:00Z,20221209,11:32:00,108,3,Shedd1,RC/SM,57,20221210,NA,NA,NA,NA,2022-12-09 11:32,2022-12-09T21:32:38Z,-17.482719998806715,-149.81275275349617,2022-12-09T21:32:38Z,2022-12-09
ap1,2022-12-09T21:37:00Z,20221209,11:37:00,107,14,Shedd1,RC/SM,44,20221210,NA,NA,NA,NA,2022-12-09 11:37,2022-12-09T21:37:56Z,-17.48251363635063,-149.81298996135592,2022-12-09T21:37:56Z,2022-12-09
ap1,2022-12-09T21:45:00Z,20221209,11:45:00,103,24,Shedd1,RC/SM,16,20221210,NA,NA,NA,NA,2022-12-09 11:45,2022-12-09T21:45:41Z,-17.48260105960071,-149.81359161436558,2022-12-09T21:45:41Z,2022-12-09
ap1,2022-12-09T21:52:00Z,20221209,11:52:00,102,22,Shedd1,RC/SM,43,20221210,NA,NA,NA,NA,2022-12-09 11:52,2022-12-09T21:52:37Z,-17.482778253033757,-149.8139082826674,2022-12-09T21:52:37Z,2022-12-09
ap1,2022-12-09T21:59:00Z,20221209,11:59:00,170,40,Shedd1,RC/SM,42,20221210,NA,NA,NA,NA,2022-12-09 11:59,2022-12-09T21:59:44Z,-17.482682364061475,-149.81394357047975,2022-12-09T21:59:44Z,2022-12-09
ap1,2022-12-09T22:03:00Z,20221209,12:03:00,159,33,Shedd1,RC/SM,66,20221210,NA,NA,NA,NA,2022-12-09 12:03,2022-12-09T22:03:46Z,-17.482580188661814,-149.81403694488108,2022-12-09T22:03:46Z,2022-12-09
ap1,2022-12-09T22:08:00Z,20221209,12:08:00,158,34,Shedd1,RC/SM,40,20221210,NA,NA,NA,NA,2022-12-09 12:08,2022-12-09T22:08:56Z,-17.482410119846463,-149.81434682384133,2022-12-09T22:08:56Z,2022-12-09
ap1,2022-12-09T22:13:00Z,20221209,12:13:00,147,15,Shedd1,RC/SM,45,20221210,NA,NA,NA,NA,2022-12-09 12:13,2022-12-09T22:13:54Z,-17.482493771240115,-149.81461487710476,2022-12-09T22:13:54Z,2022-12-09
hauru,2022-12-10T01:34:00Z,20221209,15:34:00,179,101,Shedd3,RC/RD,170,20221210,NA,NA,NA,NA,2022-12-09 15:34,2022-12-10T01:34:50Z,-17.498481664806604,-149.9158678483218,2022-12-10T01:34:50Z,2022-12-09
hauru,2022-12-10T01:37:00Z,20221209,15:37:00,195,102,Shedd3,RC/RD,134,20221210,NA,NA,NA,NA,2022-12-09 15:37,2022-12-10T01:37:35Z,-17.498578559607267,-149.9158187303692,2022-12-10T01:37:35Z,2022-12-09
hauru,2022-12-10T01:44:00Z,20221209,15:44:00,171,30,Shedd3,RC/RD,96,20221210,NA,NA,NA,NA,2022-12-09 15:44,2022-12-10T01:44:47Z,-17.49891048297286,-149.91586340591311,2022-12-10T01:44:47Z,2022-12-09
hauru,2022-12-10T01:48:00Z,20221209,15:48:00,178,21,Shedd3,RC/RD,250,20221210,NA,NA,NA,NA,2022-12-09 15:48,2022-12-10T01:48:32Z,-17.499175602570176,-149.91572191938758,2022-12-10T01:48:32Z,2022-12-09
hauru,2022-12-10T01:54:00Z,20221209,15:54:00,180,22,Shedd3,RC/RD,177,20221210,NA,NA,NA,NA,2022-12-09 15:54,2022-12-10T01:54:43Z,-17.499248441308737,-149.9159228336066,2022-12-10T01:54:43Z,2022-12-09
hauru,2022-12-10T02:04:00Z,20221209,16:04:00,175,24,Shedd3,RC/RD,134,20221210,NA,NA,NA,NA,2022-12-09 16:04,2022-12-10T02:04:25Z,-17.499694610014558,-149.91626548580825,2022-12-10T02:04:25Z,2022-12-09
hauru,2022-12-10T02:10:00Z,20221209,16:10:00,172,15,Shedd3,RC/RD,47,20221210,NA,NA,NA,NA,2022-12-09 16:10,2022-12-10T02:10:49Z,-17.499984372407198,-149.91687225177884,2022-12-10T02:10:49Z,2022-12-09
hauru,2022-12-10T02:15:00Z,20221209,16:15:00,174,33,Shedd3,RC/RD,51,20221210,NA,NA,NA,NA,2022-12-09 16:15,2022-12-10T02:15:50Z,-17.500305734574795,-149.91674493066967,2022-12-10T02:15:50Z,2022-12-09
hauru,2022-12-10T02:20:00Z,20221209,16:20:00,173,37,Shedd3,RC/RD,88,20221210,NA,NA,NA,NA,2022-12-09 16:20,2022-12-10T02:20:55Z,-17.500471444800496,-149.9171956256032,2022-12-10T02:20:55Z,2022-12-09
hauru,2022-12-10T02:28:00Z,20221209,16:28:00,177,26,Shedd3,RC/RD,95,20221210,NA,NA,NA,NA,2022-12-09 16:28,2022-12-10T02:28:53Z,-17.500518299639225,-149.91737357340753,2022-12-10T02:28:53Z,2022-12-09
hauru,2022-12-10T02:34:00Z,20221209,16:34:00,176,1,Shedd3,RC/RD,37,20221210,NA,NA,NA,NA,2022-12-09 16:34,2022-12-10T02:34:26Z,-17.500087385997176,-149.9178032297641,2022-12-10T02:34:26Z,2022-12-09
hauru,2022-12-10T01:27:00Z,20221209,15:27:00,143,39,Shedd1,SM/HM,141,20221210,NA,NA,NA,NA,2022-12-09 15:27,2022-12-10T01:27:45Z,-17.497901134192944,-149.91573583334684,2022-12-10T01:27:45Z,2022-12-09
hauru,2022-12-10T01:31:00Z,20221209,15:31:00,197,3,Shedd1,SM/HM,54,20221210,NA,NA,NA,NA,2022-12-09 15:31,2022-12-10T01:31:47Z,-17.498005153611302,-149.91588310338557,2022-12-10T01:31:47Z,2022-12-09
hauru,2022-12-10T01:38:00Z,20221209,15:38:00,90,14,Shedd1,SM/HM,153,20221210,NA,NA,NA,NA,2022-12-09 15:38,2022-12-10T01:38:43Z,-17.498501194640994,-149.91620211862028,2022-12-10T01:38:43Z,2022-12-09
hauru,2022-12-10T01:41:00Z,20221209,15:41:00,156,40,Shedd1,SM/HM,30,20221210,NA,NA,NA,NA,2022-12-09 15:41,2022-12-10T01:41:47Z,-17.49861778691411,-149.91612240672112,2022-12-10T01:41:47Z,2022-12-09
hauru,2022-12-10T01:45:00Z,20221209,15:45:00,141,6,Shedd1,SM/HM,204,20221210,NA,NA,NA,NA,2022-12-09 15:45,2022-12-10T01:45:59Z,-17.498819204047322,-149.91617722436789,2022-12-10T01:45:59Z,2022-12-09
hauru,2022-12-10T01:50:00Z,20221209,15:50:00,160,36,Shedd1,SM/HM,171,20221210,NA,NA,NA,NA,2022-12-09 15:50,2022-12-10T01:50:45Z,-17.498912997543812,-149.916130034253,2022-12-10T01:50:45Z,2022-12-09
hauru,2022-12-10T01:54:00Z,20221209,15:54:00,151,13,Shedd1,SM/HM,23,20221210,NA,NA,NA,NA,2022-12-09 15:54,NA,NA,NA,NA,NA
hauru,2022-12-10T02:00:00Z,20221209,16:00:00,142,16,Shedd1,SM/HM,230,20221210,NA,NA,NA,NA,2022-12-09 16:00,2022-12-10T02:00:55Z,-17.49896999448538,-149.9163723550737,2022-12-10T02:00:55Z,2022-12-09
hauru,2022-12-10T02:04:00Z,20221209,16:04:00,198,41,Shedd1,SM/HM,79,20221210,NA,NA,NA,NA,2022-12-09 16:04,2022-12-10T02:04:21Z,-17.49897049739957,-149.91641057655215,2022-12-10T02:04:21Z,2022-12-09
hauru,2022-12-10T02:09:00Z,20221209,16:09:00,199,45,Shedd1,SM/HM,52,20221210,NA,NA,NA,NA,2022-12-09 16:09,NA,NA,NA,NA,NA
hauru,2022-12-10T02:18:00Z,20221209,16:18:00,200,38,Shedd1,SM/HM,136,20221210,NA,NA,NA,NA,2022-12-09 16:18,NA,NA,NA,NA,NA
hauru,2022-12-10T02:23:00Z,20221209,16:23:00,88,29,Shedd1,SM/HM,107,20221210,NA,NA,NA,NA,2022-12-09 16:23,2022-12-10T02:23:47Z,-17.49984766356647,-149.91742805577815,2022-12-10T02:23:47Z,2022-12-09
hauru,2022-12-10T02:27:00Z,20221209,16:27:00,146,43,Shedd1,SM/HM,99,20221210,NA,NA,NA,NA,2022-12-09 16:27,2022-12-10T02:27:49Z,-17.499764934182167,-149.91767121478915,2022-12-10T02:27:49Z,2022-12-09
hauru,2022-12-10T02:45:00Z,20221209,16:45:00,154,17,Shedd1,SM/HM,32,20221210,NA,NA,NA,NA,2022-12-09 16:45,2022-12-10T02:45:53Z,-17.498697331175208,-149.91663043387234,2022-12-10T02:45:53Z,2022-12-09
mahana,2022-12-11T00:45:00Z,20221210,14:45:00,187,117,Shedd3,HM/RD,46,20221211,NA,NA,NA,NA,2022-12-10 14:45,2022-12-11T00:45:48Z,-17.490423219278455,-149.88464869558808,2022-12-11T00:45:48Z,2022-12-10
mahana,2022-12-11T00:50:00Z,20221210,14:50:00,181,116,Shedd3,HM/RD,16,20221211,NA,NA,NA,NA,2022-12-10 14:50,2022-12-11T00:50:44Z,-17.490158937871456,-149.88453880883753,2022-12-11T00:50:44Z,2022-12-10
mahana,2022-12-11T00:54:00Z,20221210,14:54:00,192,115,Shedd3,HM/RD,30,20221211,NA,NA,NA,NA,2022-12-10 14:54,2022-12-11T00:54:44Z,-17.489992640912533,-149.8842583503574,2022-12-11T00:54:44Z,2022-12-10
mahana,2022-12-11T00:59:00Z,20221210,14:59:00,189,114,Shedd3,HM/RD,35,20221211,NA,NA,NA,NA,2022-12-10 14:59,2022-12-11T00:59:55Z,-17.4900218937546,-149.8841132596135,2022-12-11T00:59:55Z,2022-12-10
mahana,2022-12-11T01:07:00Z,20221210,15:07:00,194,113,Shedd3,HM/RD,87,20221211,NA,NA,NA,NA,2022-12-10 15:07,2022-12-11T01:07:45Z,-17.489241370931268,-149.88421191461384,2022-12-11T01:07:45Z,2022-12-10
mahana,2022-12-11T01:12:00Z,20221210,15:12:00,184,112,Shedd3,HM/RD,177,20221211,NA,NA,NA,NA,2022-12-10 15:12,2022-12-11T01:12:43Z,-17.489080019295216,-149.88410085439682,2022-12-11T01:12:43Z,2022-12-10
mahana,2022-12-11T01:16:00Z,20221210,15:16:00,182,111,Shedd3,HM/RD,73,20221211,NA,NA,NA,NA,2022-12-10 15:16,2022-12-11T01:16:50Z,-17.48894297517836,-149.88419875502586,2022-12-11T01:16:50Z,2022-12-10
mahana,2022-12-11T01:20:00Z,20221210,15:20:00,188,110,Shedd3,HM/RD,85,20221211,NA,NA,NA,NA,2022-12-10 15:20,2022-12-11T01:20:28Z,-17.488649357110262,-149.88464668393135,2022-12-11T01:20:28Z,2022-12-10
mahana,2022-12-11T01:25:00Z,20221210,15:25:00,193,109,Shedd3,HM/RD,20,20221211,NA,NA,NA,NA,2022-12-10 15:25,2022-12-11T01:25:55Z,-17.488536620512605,-149.88470158539712,2022-12-11T01:25:55Z,2022-12-10
mahana,2022-12-11T01:29:00Z,20221210,15:29:00,186,108,Shedd3,HM/RD,51,20221211,NA,NA,NA,NA,2022-12-10 15:29,2022-12-11T01:29:28Z,-17.488248450681567,-149.8849068582058,2022-12-11T01:29:28Z,2022-12-10
mahana,2022-12-11T01:40:00Z,20221210,15:40:00,183,107,Shedd3,HM/RD,93,20221211,NA,NA,NA,NA,2022-12-10 15:40,2022-12-11T01:40:56Z,-17.48762802220881,-149.88461583852768,2022-12-11T01:40:56Z,2022-12-10
mahana,2022-12-11T01:45:00Z,20221210,15:45:00,190,106,Shedd3,HM/RD,49,20221211,NA,NA,NA,NA,2022-12-10 15:45,2022-12-11T01:45:45Z,-17.487827511504292,-149.8844649642706,2022-12-11T01:45:45Z,2022-12-10
mahana,2022-12-11T01:50:00Z,20221210,15:50:00,168,105,Shedd3,HM/RD,45,20221211,NA,NA,NA,NA,2022-12-10 15:50,2022-12-11T01:50:51Z,-17.48802130110562,-149.884249297902,2022-12-11T01:50:51Z,2022-12-10
mahana,2022-12-11T01:55:00Z,20221210,15:55:00,191,104,Shedd3,HM/RD,40,20221211,NA,NA,NA,NA,2022-12-10 15:55,2022-12-11T01:55:39Z,-17.48824962414801,-149.88426815718412,2022-12-11T01:55:39Z,2022-12-10
mahana,2022-12-11T02:00:00Z,20221210,16:00:00,169,30,Shedd3,HM/RD,79,20221211,NA,NA,NA,NA,2022-12-10 16:00,2022-12-11T02:00:53Z,-17.488344758749008,-149.88441115245223,2022-12-11T02:00:53Z,2022-12-10
mahana,2022-12-11T02:03:00Z,20221210,16:03:00,185,15,Shedd3,HM/RD,95,20221211,NA,NA,NA,NA,2022-12-10 16:03,2022-12-11T02:03:10Z,-17.48834484256804,-149.88446739502248,2022-12-11T02:03:10Z,2022-12-10
mahana,2022-12-11T02:08:00Z,20221210,16:08:00,161,13,Shedd3,HM/RD,57,20221211,NA,NA,NA,NA,2022-12-10 16:08,2022-12-11T02:08:55Z,-17.488511642441154,-149.88443478941917,2022-12-11T02:08:55Z,2022-12-10
mahana,2022-12-11T02:13:00Z,20221210,16:13:00,153,43,Shedd3,HM/RD,26,20221211,NA,NA,NA,NA,2022-12-10 16:13,2022-12-11T02:13:45Z,-17.488429583609104,-149.88436521962285,2022-12-11T02:13:45Z,2022-12-10
mahana,2022-12-11T02:17:00Z,20221210,16:17:00,135,26,Shedd3,HM/RD,42,20221211,NA,NA,NA,NA,2022-12-10 16:17,2022-12-11T02:17:32Z,-17.488791262730956,-149.88400974310935,2022-12-11T02:17:32Z,2022-12-10
mahana,2022-12-11T02:22:00Z,20221210,16:22:00,138,29,Shedd3,HM/RD,66,20221211,NA,NA,NA,NA,2022-12-10 16:22,2022-12-11T02:22:43Z,-17.489057136699557,-149.88402533344924,2022-12-11T02:22:43Z,2022-12-10
mahana,2022-12-11T02:30:00Z,20221210,16:30:00,139,40,Shedd3,HM/RD,230,20221211,NA,NA,NA,NA,2022-12-10 16:30,2022-12-11T02:30:54Z,-17.4891793448478,-149.8840161971748,2022-12-11T02:30:54Z,2022-12-10
mahana,2022-12-11T02:35:00Z,20221210,16:35:00,137,41,Shedd3,HM/RD,47,20221211,NA,NA,NA,NA,2022-12-10 16:35,2022-12-11T02:35:39Z,-17.489260146394372,-149.88381578586996,2022-12-11T02:35:39Z,2022-12-10
mahana,2022-12-11T02:42:00Z,20221210,16:42:00,136,3,Shedd3,HM/RD,48,20221211,NA,NA,NA,NA,2022-12-10 16:42,2022-12-11T02:42:48Z,-17.489583184942603,-149.88375711254776,2022-12-11T02:42:48Z,2022-12-10
mahana,2022-12-11T02:45:00Z,20221210,16:45:00,119,33,Shedd3,HM/RD,50,20221211,NA,NA,NA,NA,2022-12-10 16:45,2022-12-11T02:45:56Z,-17.489724336192012,-149.88368687219918,2022-12-11T02:45:56Z,2022-12-10
mahana,2022-12-11T00:47:00Z,20221210,14:47:00,74,102,Shedd1,RC/FP,29,20221211,NA,NA,NA,NA,2022-12-10 14:47,NA,NA,NA,NA,NA
mahana,2022-12-11T00:57:00Z,20221210,14:57:00,118,21,Shedd1,RC/FP,134,20221211,NA,NA,NA,NA,2022-12-10 14:57,NA,NA,NA,NA,NA
mahana,2022-12-11T01:04:00Z,20221210,15:04:00,120,16,Shedd1,RC/FP,171,20221211,NA,NA,NA,NA,2022-12-10 15:04,NA,NA,NA,NA,NA
mahana,2022-12-11T01:10:00Z,20221210,15:10:00,140,38,Shedd1,RC/FP,99,20221211,NA,NA,NA,NA,2022-12-10 15:10,NA,NA,NA,NA,NA
mahana,2022-12-11T01:16:00Z,20221210,15:16:00,152,34,Shedd1,RC/FP,134,20221211,NA,NA,NA,NA,2022-12-10 15:16,NA,NA,NA,NA,NA
mahana,2022-12-11T01:24:00Z,20221210,15:24:00,149,24,Shedd1,RC/FP,23,20221211,NA,NA,NA,NA,2022-12-10 15:24,NA,NA,NA,NA,NA
mahana,2022-12-11T01:33:00Z,20221210,15:33:00,111,14,Shedd1,RC/FP,107,20221211,NA,NA,NA,NA,2022-12-10 15:33,2022-12-11T01:33:51Z,-17.48852807097137,-149.88508388400078,2022-12-11T01:33:51Z,2022-12-10
mahana,2022-12-11T01:38:00Z,20221210,15:38:00,89,36,Shedd1,RC/FP,141,20221211,NA,NA,NA,NA,2022-12-10 15:38,2022-12-11T01:38:38Z,-17.4883883446455,-149.88509486429393,2022-12-11T01:38:38Z,2022-12-10
mahana,2022-12-11T01:45:00Z,20221210,15:45:00,79,44,Shedd1,RC/FP,52,20221211,NA,NA,NA,NA,2022-12-10 15:45,2022-12-11T01:45:32Z,-17.48795885592699,-149.88523081876335,2022-12-11T01:45:32Z,2022-12-10
mahana,2022-12-11T01:49:00Z,20221210,15:49:00,150,10,Shedd1,RC/FP,96,20221211,NA,NA,NA,NA,2022-12-10 15:49,2022-12-11T01:49:57Z,-17.487862380221486,-149.88528261892495,2022-12-11T01:49:57Z,2022-12-10
mahana,2022-12-11T01:55:00Z,20221210,15:55:00,113,18,Shedd1,RC/FP,170,20221211,NA,NA,NA,NA,2022-12-10 15:55,2022-12-11T01:55:36Z,-17.487637158483267,-149.88535285927358,2022-12-11T01:55:36Z,2022-12-10
mahana,2022-12-11T01:59:00Z,20221210,15:59:00,115,39,Shedd1,RC/FP,44,20221211,NA,NA,NA,NA,2022-12-10 15:59,2022-12-11T01:59:40Z,-17.487497767433524,-149.88539082929492,2022-12-11T01:59:40Z,2022-12-10
mahana,2022-12-11T02:04:00Z,20221210,16:04:00,167,22,Shedd1,RC/FP,24,20221211,NA,NA,NA,NA,2022-12-10 16:04,2022-12-11T02:04:46Z,-17.487524254247546,-149.88508321344852,2022-12-11T02:04:46Z,2022-12-10
mahana,2022-12-11T02:07:00Z,20221210,16:07:00,114,4,Shedd1,RC/FP,136,20221211,NA,NA,NA,NA,2022-12-10 16:07,2022-12-11T02:07:29Z,-17.487504724413157,-149.88501138053834,2022-12-11T02:07:29Z,2022-12-10
mahana,2022-12-11T02:13:00Z,20221210,16:13:00,163,6,Shedd1,RC/FP,153,20221211,NA,NA,NA,NA,2022-12-10 16:13,2022-12-11T02:13:59Z,-17.48753121122718,-149.88465774804357,2022-12-11T02:13:59Z,2022-12-10
mahana,2022-12-11T02:18:00Z,20221210,16:18:00,80,31,Shedd1,RC/FP,250,20221211,NA,NA,NA,NA,2022-12-10 16:18,2022-12-11T02:18:46Z,-17.487759785726666,-149.88431735895574,2022-12-11T02:18:46Z,2022-12-10
mahana,2022-12-11T02:22:00Z,20221210,16:22:00,164,32,Shedd1,RC/FP,204,20221211,NA,NA,NA,NA,2022-12-10 16:22,2022-12-11T02:22:39Z,-17.48798618093133,-149.88416170701385,2022-12-11T02:22:39Z,2022-12-10
mahana,2022-12-11T02:37:00Z,20221210,16:37:00,117,23,Shedd1,RC/FP,88,20221211,NA,NA,NA,NA,2022-12-10 16:37,2022-12-11T02:37:55Z,-17.48875086195767,-149.88399968482554,2022-12-11T02:37:55Z,2022-12-10
mahana,2022-12-13T16:57:00Z,20221213,06:57:00,78,117,Shedd3,RC/FP/RD,93,20221213,NA,NA,NA,NA,2022-12-13 06:57,2022-12-13T16:57:50Z,-17.489661388099194,-149.88472463563085,2022-12-13T16:57:50Z,2022-12-13
mahana,2022-12-13T17:00:00Z,20221213,07:00:00,116,111,Shedd3,RC/FP/RD,61,20221213,NA,NA,NA,NA,2022-12-13 07:00,2022-12-13T17:00:47Z,-17.489344803616405,-149.88484407775104,2022-12-13T17:00:47Z,2022-12-13
mahana,2022-12-13T17:05:00Z,20221213,07:05:00,123,44,Shedd3,RC/FP/RD,26,20221213,NA,NA,NA,NA,2022-12-13 07:05,2022-12-13T17:05:51Z,-17.48911094851792,-149.88505848683417,2022-12-13T17:05:51Z,2022-12-13
mahana,2022-12-13T17:09:00Z,20221213,07:09:00,165,34,Shedd3,RC/FP/RD,45,20221213,NA,NA,NA,NA,2022-12-13 07:09,2022-12-13T17:09:56Z,-17.488866029307246,-149.8851571418345,2022-12-13T17:09:56Z,2022-12-13
mahana,2022-12-13T17:19:00Z,20221213,07:19:00,111,109,Shedd3,RC/FP/RD,171,20221213,NA,NA,NA,NA,2022-12-13 07:19,2022-12-13T17:19:37Z,-17.488375939428806,-149.88508782349527,2022-12-13T17:19:37Z,2022-12-13
mahana,2022-12-13T17:26:00Z,20221213,07:26:00,89,13,Shedd3,RC/FP/RD,29,20221213,NA,NA,NA,NA,2022-12-13 07:26,2022-12-13T17:26:38Z,-17.488154154270887,-149.8851931001991,2022-12-13T17:26:38Z,2022-12-13
mahana,2022-12-13T17:30:00Z,20221213,07:30:00,166,41,Shedd3,RC/FP/RD,49,20221213,NA,NA,NA,NA,2022-12-13 07:30,2022-12-13T17:30:51Z,-17.487947959452868,-149.8851333372295,2022-12-13T17:30:51Z,2022-12-13
mahana,2022-12-13T17:34:00Z,20221213,07:34:00,112,40,Shedd3,RC/FP/RD,24,20221213,NA,NA,NA,NA,2022-12-13 07:34,2022-12-13T17:34:44Z,-17.487647803500295,-149.88496276549995,2022-12-13T17:34:44Z,2022-12-13
mahana,2022-12-13T17:37:00Z,20221213,07:37:00,125,31,Shedd3,RC/FP/RD,141,20221213,NA,NA,NA,NA,2022-12-13 07:37,2022-12-13T17:37:23Z,-17.487570103257895,-149.88497047685087,2022-12-13T17:37:23Z,2022-12-13
mahana,2022-12-13T17:47:00Z,20221213,07:47:00,162,16,Shedd3,RC/FP/RD,66,20221213,NA,NA,NA,NA,2022-12-13 07:47,2022-12-13T17:47:49Z,-17.48759960755706,-149.88400890491903,2022-12-13T17:47:49Z,2022-12-13
mahana,2022-12-13T17:56:00Z,20221213,07:56:00,org45,24,Shedd3,RC/FP/RD,47,20221213,NA,NA,NA,NA,2022-12-13 07:56,2022-12-13T17:56:58Z,-17.48835749924183,-149.88388024270535,2022-12-13T17:56:58Z,2022-12-13
mahana,2022-12-13T18:00:00Z,20221213,08:00:00,org43,3,Shedd3,RC/FP/RD,42,20221213,NA,NA,NA,NA,2022-12-13 08:00,2022-12-13T18:00:40Z,-17.488414831459522,-149.88383196294308,2022-12-13T18:00:40Z,2022-12-13
mahana,2022-12-13T18:03:00Z,20221213,08:03:00,org71,1,Shedd3,RC/FP/RD,50,20221213,NA,NA,NA,NA,2022-12-13 08:03,2022-12-13T18:03:54Z,-17.488441905006766,-149.88382115028799,2022-12-13T18:03:54Z,2022-12-13
mahana,2022-12-13T18:11:00Z,20221213,08:11:00,org75,30,Shedd3,RC/FP/RD,22,20221213,NA,NA,NA,NA,2022-12-13 08:11,2022-12-13T18:11:49Z,-17.48863745480776,-149.88362777978182,2022-12-13T18:11:49Z,2022-12-13
mahana,2022-12-13T18:16:00Z,20221213,08:16:00,org42,39,Shedd3,RC/FP/RD,46,20221213,NA,NA,NA,NA,2022-12-13 08:16,2022-12-13T18:16:42Z,-17.48871624469757,-149.88370707258582,2022-12-13T18:16:42Z,2022-12-13
mahana,2022-12-13T18:21:00Z,20221213,08:21:00,org52,32,Shedd3,RC/FP/RD,153,20221213,NA,NA,NA,NA,2022-12-13 08:21,2022-12-13T18:21:52Z,-17.48884758912027,-149.88374990411103,2022-12-13T18:21:52Z,2022-12-13
mahana,2022-12-13T18:27:00Z,20221213,08:27:00,org58,37,Shedd3,RC/FP/RD,43,20221213,NA,NA,NA,NA,2022-12-13 08:27,2022-12-13T18:27:49Z,-17.489281184971333,-149.88355209119618,2022-12-13T18:27:49Z,2022-12-13
mahana,2022-12-13T18:34:00Z,20221213,08:34:00,org56,101,Shedd3,RC/FP/RD,57,20221213,NA,NA,NA,NA,2022-12-13 08:34,2022-12-13T18:34:42Z,-17.489124611020088,-149.8838611319661,2022-12-13T18:34:42Z,2022-12-13
mahana,2022-12-13T18:43:00Z,20221213,08:43:00,org68,14,Shedd3,RC/FP/RD,95,20221213,NA,NA,NA,NA,2022-12-13 08:43,2022-12-13T18:43:55Z,-17.489806478843093,-149.88424954935908,2022-12-13T18:43:55Z,2022-12-13
mahana,2022-12-13T18:52:00Z,20221213,08:52:00,181,107,Shedd3,RC/FP/RD,51,20221213,NA,NA,NA,NA,2022-12-13 08:52,2022-12-13T18:52:27Z,-17.49006095342338,-149.8844433389604,2022-12-13T18:52:27Z,2022-12-13
mahana,2022-12-13T16:50:00Z,20221213,06:50:00,187,17,Shedd1,SM/HM,99,20221213,NA,NA,NA,NA,2022-12-13 06:50,2022-12-13T16:50:56Z,-17.49037795700133,-149.88468071445823,2022-12-13T16:50:56Z,2022-12-13
mahana,2022-12-13T16:56:00Z,20221213,06:56:00,181,27,Shedd1,SM/HM,88,20221213,NA,NA,NA,NA,2022-12-13 06:56,2022-12-13T16:56:51Z,-17.490100851282477,-149.8845905251801,2022-12-13T16:56:51Z,2022-12-13
mahana,2022-12-13T17:00:00Z,20221213,07:00:00,155,10,Shedd1,SM/HM,20,20221213,NA,NA,NA,NA,2022-12-13 07:00,2022-12-13T17:00:45Z,-17.489677229896188,-149.88461843691766,2022-12-13T17:00:45Z,2022-12-13
mahana,2022-12-13T17:04:00Z,20221213,07:04:00,126,8,Shedd1,SM/HM,230,20221213,NA,NA,NA,NA,2022-12-13 07:04,2022-12-13T17:04:55Z,-17.489625178277493,-149.88456764258444,2022-12-13T17:04:55Z,2022-12-13
mahana,2022-12-13T17:08:00Z,20221213,07:08:00,120,2,Shedd1,SM/HM,250,20221213,NA,NA,NA,NA,2022-12-13 07:08,2022-12-13T17:08:48Z,-17.4894158821553,-149.88461533561352,2022-12-13T17:08:48Z,2022-12-13
mahana,2022-12-13T17:12:00Z,20221213,07:12:00,121,21,Shedd1,SM/HM,134,20221213,NA,NA,NA,NA,2022-12-13 07:12,2022-12-13T17:12:55Z,-17.488936437293887,-149.88439195789394,2022-12-13T17:12:55Z,2022-12-13
mahana,2022-12-13T17:16:00Z,20221213,07:16:00,182,19,Shedd1,SM/HM,204,20221213,NA,NA,NA,NA,2022-12-13 07:16,2022-12-13T17:16:46Z,-17.4888770096004,-149.88424980081618,2022-12-13T17:16:46Z,2022-12-13
mahana,2022-12-13T17:18:00Z,20221213,07:18:00,127,43,Shedd1,SM/HM,170,20221213,NA,NA,NA,NA,2022-12-13 07:18,2022-12-13T17:18:35Z,-17.488924199715257,-149.8842776287347,2022-12-13T17:18:35Z,2022-12-13
mahana,2022-12-13T17:31:00Z,20221213,07:31:00,153,112,Shedd1,SM/HM,21,20221213,NA,NA,NA,NA,2022-12-13 07:31,2022-12-13T17:31:57Z,-17.488410556688905,-149.88438223488632,2022-12-13T17:31:57Z,2022-12-13
mahana,2022-12-13T17:36:00Z,20221213,07:36:00,185,110,Shedd1,SM/HM,55,20221213,NA,NA,NA,NA,2022-12-13 07:36,2022-12-13T17:36:56Z,-17.488303687423468,-149.8845038563013,2022-12-13T17:36:56Z,2022-12-13
mahana,2022-12-13T17:40:00Z,20221213,07:40:00,144,105,Shedd1,SM/HM,30,20221213,NA,NA,NA,NA,2022-12-13 07:40,2022-12-13T17:40:57Z,-17.48812884092331,-149.88464014604688,2022-12-13T17:40:57Z,2022-12-13
mahana,2022-12-13T17:44:00Z,20221213,07:44:00,125,102,Shedd1,SM/HM,177,20221213,NA,NA,NA,NA,2022-12-13 07:44,2022-12-13T17:44:50Z,-17.487460216507316,-149.88482831977308,2022-12-13T17:44:50Z,2022-12-13
mahana,2022-12-13T17:49:00Z,20221213,07:49:00,124,36,Shedd1,SM/HM,87,20221213,NA,NA,NA,NA,2022-12-13 07:49,2022-12-13T17:49:55Z,-17.4872815143317,-149.88479898311198,2022-12-13T17:49:55Z,2022-12-13
mahana,2022-12-13T17:52:00Z,20221213,07:52:00,165,33,Shedd1,SM/HM,136,20221213,NA,NA,NA,NA,2022-12-13 07:52,2022-12-13T17:52:24Z,-17.487507490441203,-149.88461424596608,2022-12-13T17:52:24Z,2022-12-13
mahana,2022-12-13T17:58:00Z,20221213,07:58:00,128,115,Shedd1,SM/HM,16,20221213,NA,NA,NA,NA,2022-12-13 07:58,2022-12-13T17:58:47Z,-17.48771594837308,-149.88427746109664,2022-12-13T17:58:47Z,2022-12-13
mahana,2022-12-13T18:00:00Z,20221213,08:00:00,129,116,Shedd1,SM/HM,107,20221213,NA,NA,NA,NA,2022-12-13 08:00,2022-12-13T18:00:48Z,-17.48773656785488,-149.88420101813972,2022-12-13T18:00:48Z,2022-12-13
mahana,2022-12-13T18:05:00Z,20221213,08:05:00,130,23,Shedd1,SM/HM,85,20221213,NA,NA,NA,NA,2022-12-13 08:05,2022-12-13T18:05:54Z,-17.48786791227758,-149.88412658683956,2022-12-13T18:05:54Z,2022-12-13
mahana,2022-12-13T18:11:00Z,20221213,08:11:00,org33,108,Shedd1,SM/HM,48,20221213,NA,NA,NA,NA,2022-12-13 08:11,2022-12-13T18:11:54Z,-17.488412652164698,-149.8838721960783,2022-12-13T18:11:54Z,2022-12-13
mahana,2022-12-13T18:19:00Z,20221213,08:19:00,org49,26,Shedd1,SM/HM,44,20221213,NA,NA,NA,NA,2022-12-13 08:19,2022-12-13T18:19:58Z,-17.488542152568698,-149.88415617495775,2022-12-13T18:19:58Z,2022-12-13
mahana,2022-12-13T18:27:00Z,20221213,08:27:00,org30,4,Shedd1,SM/HM,35,20221213,NA,NA,NA,NA,2022-12-13 08:27,2022-12-13T18:27:58Z,-17.48896828852594,-149.883945370093,2022-12-13T18:27:58Z,2022-12-13
mahana,2022-12-13T18:39:00Z,20221213,08:39:00,184,106,Shedd1,SM/HM,32,20221213,NA,NA,NA,NA,2022-12-13 08:39,2022-12-13T18:39:35Z,-17.48906208202243,-149.88414687104526,2022-12-13T18:39:35Z,2022-12-13
mahana,2022-12-13T18:43:00Z,20221213,08:43:00,194,18,Shedd1,SM/HM,134,20221213,NA,NA,NA,NA,2022-12-13 08:43,2022-12-13T18:43:33Z,-17.48918630182743,-149.88426740281284,2022-12-13T18:43:33Z,2022-12-13
mahana,2022-12-13T18:47:00Z,20221213,08:47:00,org51,113,Shedd1,SM/HM,40,20221213,NA,NA,NA,NA,2022-12-13 08:47,2022-12-13T18:47:56Z,-17.489290237426758,-149.88439078442752,2022-12-13T18:47:56Z,2022-12-13
access12,2024-10-23T20:11:00Z,20241023,10:11:00,10,10,Shedd4,TC,55,20241024,2,cunning3,NA,NA,2024-10-23 10:11,NA,NA,NA,NA,NA
access14,2024-10-24T00:07:00Z,20241023,14:07:00,1,1,Shedd4,TC,29,20241024,7,cunning3,NA,NA,2024-10-23 14:07,2024-10-24T00:07:49Z,-17.594075510278344,-149.82292000204322,2024-10-24T00:07:49Z,2024-10-23
access14,2024-10-24T00:15:00Z,20241023,14:15:00,19,8,Shedd4,TC,44,20241024,8,cunning3,NA,NA,2024-10-23 14:15,2024-10-24T00:15:40Z,-17.594223115593195,-149.8229360114783,2024-10-24T00:15:40Z,2024-10-23
access12,2024-10-23T20:23:00Z,20241023,10:23:00,59,49,Shedd3,SM,22,20241024,4,SM,NA,NA,2024-10-23 10:23,2024-10-23T20:23:45Z,-17.592535754665732,-149.8333969619125,2024-10-23T20:23:45Z,2024-10-23
access14,2024-10-24T00:30:00Z,20241023,14:30:00,57,60,Shedd3,SM,61,20241024,3,SM,NA,NA,2024-10-23 14:30,2024-10-24T00:30:58Z,-17.594153126701713,-149.82414409518242,2024-10-24T00:30:58Z,2024-10-23
access12,2024-10-23T20:23:00Z,20241023,10:23:00,40,21,Shedd2,RC,87,20241024,3,cunning2,NA,NA,2024-10-23 10:23,2024-10-23T20:23:56Z,-17.592146499082446,-149.83326955698433,2024-10-23T20:23:56Z,2024-10-23
access12,2024-10-23T20:27:00Z,20241023,10:27:00,38,38,Shedd2,RC,66,20241024,3,cunning2,NA,NA,2024-10-23 10:27,2024-10-23T20:27:45Z,-17.5920557230711,-149.83326209709048,2024-10-23T20:27:45Z,2024-10-23
access12,2024-10-23T20:43:00Z,20241023,10:43:00,37,40,Shedd2,RC,95,20241024,2,cunning2,NA,NA,2024-10-23 10:43,2024-10-23T20:43:55Z,-17.592007694765925,-149.8325404152274,2024-10-23T20:43:55Z,2024-10-23
access12,2024-10-23T20:55:00Z,20241023,10:55:00,39,23,Shedd2,RC,22,20241024,2,cunning2,NA,NA,2024-10-23 10:55,2024-10-23T20:55:39Z,-17.59208128787577,-149.83211335726082,2024-10-23T20:55:39Z,2024-10-23
access13,2024-10-25T01:12:00Z,20241024,15:12:00,58,47,Shedd3,SM,61,20241025,4,SM,NA,NA,2024-10-24 15:12,2024-10-25T01:12:53Z,-17.593589024618268,-149.82492838986218,2024-10-25T01:12:53Z,2024-10-24
access13,2024-10-25T01:21:00Z,20241024,15:21:00,56,53,Shedd3,SM,87,20241025,6,SM,NA,NA,2024-10-24 15:21,2024-10-25T01:21:58Z,-17.593912230804563,-149.82508714310825,2024-10-25T01:21:58Z,2024-10-24
access13,2024-10-25T01:39:00Z,20241024,15:39:00,51N,59,Shedd3,SM,22,20241025,7,SM,north side of large thicket with tag 51,NA,2024-10-24 15:39,2024-10-25T01:39:52Z,-17.594274915754795,-149.82522142119706,2024-10-25T01:39:52Z,2024-10-24
access13,2024-10-25T01:30:00Z,20241024,15:30:00,51S,46,Shedd3,SM,66,20241025,7,SM,south side of large thicket with tag 51,NA,2024-10-24 15:30,2024-10-25T01:30:58Z,-17.594238622114062,-149.825250338763,2024-10-25T01:30:58Z,2024-10-24
access13,2024-10-25T01:53:00Z,20241024,15:53:00,53,51,Shedd3,SM,95,20241025,7,SM,NA,NA,2024-10-24 15:53,2024-10-25T01:53:58Z,-17.593945004045963,-149.82585735619068,2024-10-25T01:53:58Z,2024-10-24
access13,2024-10-25T02:02:00Z,20241024,16:02:00,52N,42,Shedd3,SM,44,20241025,6,SM,north side of large thicket with tag 52,NA,2024-10-24 16:02,2024-10-25T02:02:59Z,-17.593962773680687,-149.8261055443436,2024-10-25T02:02:59Z,2024-10-24
access13,2024-10-25T02:05:00Z,20241024,16:05:00,52S,50,Shedd3,SM,55,20241025,6,SM,south side of large thicket with tag 52,NA,2024-10-24 16:05,2024-10-25T02:05:52Z,-17.593964785337448,-149.82611736282706,2024-10-25T02:05:52Z,2024-10-24
access13,2024-10-25T01:28:00Z,20241024,15:28:00,14,9,Shedd4,TC,29,20241025,5,cunning3,same thicket as tag 6,NA,2024-10-24 15:28,2024-10-25T01:28:56Z,-17.593699833378196,-149.8249688744545,2024-10-25T01:28:56Z,2024-10-24
access13,2024-10-25T01:38:00Z,20241024,15:38:00,6,7,Shedd4,TC,171,20241025,5,cunning3,same thicket as tag 14,NA,2024-10-24 15:38,2024-10-25T01:38:55Z,-17.59370100684464,-149.82497239485383,2024-10-25T01:38:55Z,2024-10-24
NNF,2024-10-25T18:20:00Z,20241025,08:20:00,30,39,Shedd2,RC,45,20241025,3,cunning2,same thicket as tag 34,NA,2024-10-25 08:20,2024-10-25T18:20:53Z,-17.520361868664622,-149.7748051956296,2024-10-25T18:20:53Z,2024-10-25
NNF,2024-10-25T18:24:00Z,20241025,08:24:00,34,24,Shedd2,RC,42,20241025,3,cunning2,same thicket as tag 30,NA,2024-10-25 08:24,2024-10-25T18:24:53Z,-17.52028257586062,-149.77478172630072,2024-10-25T18:24:53Z,2024-10-25
NNF,2024-10-25T18:30:00Z,20241025,08:30:00,32,28,Shedd2,RC,73,20241025,3,cunning2,NA,NA,2024-10-25 08:30,2024-10-25T18:30:45Z,-17.520336555317044,-149.77490871213377,2024-10-25T18:30:45Z,2024-10-25
NNF,2024-10-25T18:36:00Z,20241025,08:36:00,33,25,Shedd2,RC,47,20241025,3,cunning2,NA,NA,2024-10-25 08:36,2024-10-25T18:36:55Z,-17.520263800397515,-149.7748979832977,2024-10-25T18:36:55Z,2024-10-25
NNF,2024-10-25T18:44:00Z,20241025,08:44:00,31,37,Shedd2,RC,20,20241025,3,cunning2,NA,NA,2024-10-25 08:44,2024-10-25T18:44:53Z,-17.520348792895675,-149.7750962153077,2024-10-25T18:44:53Z,2024-10-25
NNF,2024-10-25T18:50:00Z,20241025,08:50:00,25,32,Shedd2,RC,93,20241025,3,cunning2,NA,NA,2024-10-25 08:50,2024-10-25T18:50:50Z,-17.520288610830903,-149.7753152344376,2024-10-25T18:50:50Z,2024-10-25
NNF,2024-10-25T18:29:00Z,20241025,08:29:00,3,6,Shedd4,TC,50,20241025,8,cunning3,NA,NA,2024-10-25 08:29,2024-10-25T18:29:53Z,-17.519811261445284,-149.77362116798759,2024-10-25T18:29:53Z,2024-10-25
NNF,2024-10-25T18:53:00Z,20241025,08:53:00,2,5,Shedd4,TC,43,20241025,2,cunning3,NA,NA,2024-10-25 08:53,2024-10-25T18:53:56Z,-17.51988099887967,-149.77370993234217,2024-10-25T18:53:56Z,2024-10-25
NNF,2024-10-25T18:23:00Z,20241025,08:23:00,45,48,Shedd3,SM,85,20241025,1,SM,same thicket as tag 60,NA,2024-10-25 08:23,2024-10-25T18:23:46Z,-17.51888958737254,-149.77279353886843,2024-10-25T18:23:46Z,2024-10-25
NNF,2024-10-25T18:30:00Z,20241025,08:30:00,60,56,Shedd3,SM,46,20241025,1,SM,same thicket as tag 45,NA,2024-10-25 08:30,2024-10-25T18:30:48Z,-17.518922360613942,-149.77284089662135,2024-10-25T18:30:48Z,2024-10-25
NNF,2024-10-25T18:39:00Z,20241025,08:39:00,43,52,Shedd3,SM,30,20241025,1,SM,NA,NA,2024-10-25 08:39,2024-10-25T18:39:54Z,-17.518753465265036,-149.7727345302701,2024-10-25T18:39:54Z,2024-10-25
NNF,2024-10-25T18:46:00Z,20241025,08:46:00,55,45,Shedd3,SM,26,20241025,1,SM,same thicket as tag 54,NA,2024-10-25 08:46,2024-10-25T18:46:46Z,-17.51871851272881,-149.7726935427636,2024-10-25T18:46:46Z,2024-10-25
NNF,2024-10-25T18:52:00Z,20241025,08:52:00,54,55,Shedd3,SM,24,20241025,1,SM,NA,NA,2024-10-25 08:52,2024-10-25T18:52:49Z,-17.518690768629313,-149.77264953777194,2024-10-25T18:52:49Z,2024-10-25
NNF,2024-10-25T19:00:00Z,20241025,09:00:00,46,44,Shedd3,SM,21,20241025,1,SM,same thicket as tag 44,NA,2024-10-25 09:00,2024-10-25T19:00:50Z,-17.518722284585238,-149.77258449420333,2024-10-25T19:00:50Z,2024-10-25
NNF,2024-10-25T19:10:00Z,20241025,09:10:00,44,54,Shedd3,SM,49,20241025,1,SM,same thicket as tag 46,NA,2024-10-25 09:10,2024-10-25T19:10:41Z,-17.518679369241,-149.77261500433087,2024-10-25T19:10:41Z,2024-10-25
NF,2024-10-25T23:42:00Z,20241025,13:42:00,35,30,Shedd2,RC,47,20241026,1,cunning2,same thicket as tag 21,NA,2024-10-25 13:42,2024-10-25T23:42:57Z,-17.5184634514153,-149.77201242931187,2024-10-25T23:42:57Z,2024-10-25
NF,2024-10-25T23:50:00Z,20241025,13:50:00,21,31,Shedd2,RC,24,20241026,1,cunning2,same thicket as tag 35,NA,2024-10-25 13:50,2024-10-25T23:50:56Z,-17.518440736457705,-149.771944032982,2024-10-25T23:50:56Z,2024-10-25
NF,2024-10-26T00:01:00Z,20241025,14:01:00,22,22,Shedd2,RC,93,20241026,1,cunning2,NA,NA,2024-10-25 14:01,2024-10-26T00:01:54Z,-17.518402598798275,-149.7718364931643,2024-10-26T00:01:54Z,2024-10-25
NF,2024-10-26T00:07:00Z,20241025,14:07:00,36,29,Shedd2,RC,46,20241026,1,cunning2,NA,NA,2024-10-25 14:07,2024-10-26T00:07:50Z,-17.518320623785257,-149.77177631109953,2024-10-26T00:07:50Z,2024-10-25
NF,2024-10-26T00:13:00Z,20241025,14:13:00,23,26,Shedd2,RC,20,20241026,1,cunning2,NA,NA,2024-10-25 14:13,2024-10-26T00:13:53Z,-17.518259519711137,-149.77173850871623,2024-10-26T00:13:53Z,2024-10-25
NF,2024-10-26T00:18:00Z,20241025,14:18:00,24,27,Shedd2,RC,73,20241026,1,cunning2,NA,NA,2024-10-25 14:18,2024-10-26T00:18:58Z,-17.518286760896444,-149.77157321758568,2024-10-26T00:18:58Z,2024-10-25
NF,2024-10-26T00:30:00Z,20241025,14:30:00,26,33,Shedd2,RC,42,20241026,1,cunning2,NA,NA,2024-10-25 14:30,2024-10-26T00:30:58Z,-17.517924830317497,-149.7713380213827,2024-10-26T00:30:58Z,2024-10-25
NF,2024-10-26T00:37:00Z,20241025,14:37:00,27,34,Shedd2,RC,43,20241026,2,cunning2,NA,NA,2024-10-25 14:37,2024-10-26T00:37:39Z,-17.517822654917836,-149.77119619958103,2024-10-26T00:37:39Z,2024-10-25
NF,2024-10-25T23:39:00Z,20241025,13:39:00,5,18,Shedd4,TC,44,20241026,1,cunning3,same thicket as tag 10 and tag 9,NA,2024-10-25 13:39,2024-10-25T23:39:49Z,-17.518576188012958,-149.7723016049713,2024-10-25T23:39:49Z,2024-10-25
NF,2024-10-25T23:48:00Z,20241025,13:48:00,10,3,Shedd4,TC,50,20241026,1,cunning3,same thicket as tag 5 and tag 9,NA,2024-10-25 13:48,2024-10-25T23:48:43Z,-17.51854266040027,-149.77227528579533,2024-10-25T23:48:43Z,2024-10-25
NF,2024-10-25T23:54:00Z,20241025,13:54:00,9,4,Shedd4,TC,21,20241026,1,cunning3,same thicket as tag 5 and tag 10; eastern side,NA,2024-10-25 13:54,2024-10-25T23:54:51Z,-17.518510557711124,-149.772287607193,2024-10-25T23:54:51Z,2024-10-25
NF,2024-10-26T00:12:00Z,20241025,14:12:00,4,2,Shedd4,TC,85,20241026,1,cunning3,same thicket as tag 15,NA,2024-10-25 14:12,2024-10-26T00:12:56Z,-17.518206126987934,-149.77164790034294,2024-10-26T00:12:56Z,2024-10-25
NF,2024-10-26T00:17:00Z,20241025,14:17:00,15,12,Shedd4,TC,49,20241026,1,cunning3,same thicket as tag 4,NA,2024-10-25 14:17,2024-10-26T00:17:46Z,-17.518203193321824,-149.7716485708952,2024-10-26T00:17:46Z,2024-10-25
NF,2024-10-26T00:31:00Z,20241025,14:31:00,16,20,Shedd4,TC,45,20241026,1,cunning3,NA,NA,2024-10-25 14:31,2024-10-26T00:31:47Z,-17.517914520576596,-149.77113501168787,2024-10-26T00:31:47Z,2024-10-25
NF,2024-10-26T00:41:00Z,20241025,14:41:00,7,19,Shedd4,TC,61,20241026,1,cunning3,NA,NA,2024-10-25 14:41,2024-10-26T00:41:54Z,-17.517821732908487,-149.7710874862969,2024-10-26T00:41:54Z,2024-10-25
NF,2024-10-26T00:50:00Z,20241025,14:50:00,11,11,Shedd4,TC,171,20241026,1,cunning3,NA,NA,2024-10-25 14:50,2024-10-26T00:50:43Z,-17.517707236111164,-149.7710248734802,2024-10-26T00:50:43Z,2024-10-25
MooreaFunDive,2024-10-26T22:24:00Z,20241026,12:24:00,20,10,Shedd3,SM,29,20241027,3,SM,NA,NA,2024-10-26 12:24,2024-10-26T22:24:59Z,-17.503515081480145,-149.91663889959457,2024-10-26T22:24:59Z,2024-10-26
MooreaFunDive,2024-10-26T22:33:00Z,20241026,12:33:00,71,42,Shedd3,SM,20,20241027,3,SM,**all one monster thicket,NA,2024-10-26 12:33,2024-10-26T22:33:46Z,-17.503733346238732,-149.91685330867767,2024-10-26T22:33:46Z,2024-10-26
MooreaFunDive,2024-10-26T22:38:00Z,20241026,12:38:00,72,47,Shedd3,SM,85,20241027,3,SM,NA,NA,2024-10-26 12:38,2024-10-26T22:38:44Z,-17.503793444484472,-149.91679052822292,2024-10-26T22:38:44Z,2024-10-26
MooreaFunDive,2024-10-26T22:45:00Z,20241026,12:45:00,49,38,Shedd3,SM,73,20241027,3,SM,NA,NA,2024-10-26 12:45,2024-10-26T22:45:50Z,-17.503769639879465,-149.91668650880456,2024-10-26T22:45:50Z,2024-10-26
MooreaFunDive,2024-10-26T22:51:00Z,20241026,12:51:00,48,55,Shedd3,SM,49,20241027,2,SM,NA,NA,2024-10-26 12:51,2024-10-26T22:51:37Z,-17.50372974202037,-149.91658550687131,2024-10-26T22:51:37Z,2024-10-26
MooreaFunDive,2024-10-26T22:58:00Z,20241026,12:58:00,50,6,Shedd3,SM,45,20241027,2,SM,NA,NA,2024-10-26 12:58,2024-10-26T22:58:50Z,-17.50383728183806,-149.9167212098837,2024-10-26T22:58:50Z,2024-10-26
MooreaFunDive,2024-10-26T23:07:00Z,20241026,13:07:00,42,37,Shedd3,SM,61,20241027,3,SM,NA,NA,2024-10-26 13:07,2024-10-26T23:07:58Z,-17.504044733941555,-149.91692748852074,2024-10-26T23:07:58Z,2024-10-26
MooreaFunDive,2024-10-26T23:13:00Z,20241026,13:13:00,80,24,Shedd3,SM,171,20241027,3,SM,NA,NA,2024-10-26 13:13,2024-10-26T23:13:56Z,-17.504045153036714,-149.91680829785764,2024-10-26T23:13:56Z,2024-10-26
MooreaFunDive,2024-10-26T23:19:00Z,20241026,13:19:00,41,25,Shedd3,SM,50,20241027,3,SM,NA,NA,2024-10-26 13:19,2024-10-26T23:19:47Z,-17.50421153381467,-149.91704944521186,2024-10-26T23:19:47Z,2024-10-26
MooreaFunDive,2024-10-26T23:26:00Z,20241026,13:26:00,77,5,Shedd3,SM,44,20241027,2,SM,NA,NA,2024-10-26 13:26,2024-10-26T23:26:48Z,-17.50400978140533,-149.91722194477916,2024-10-26T23:26:48Z,2024-10-26
MooreaFunDive,2024-10-26T22:22:00Z,20241026,12:22:00,82,13,Shedd2,RC,21,20241027,5,cunning2,NA,NA,2024-10-26 12:22,2024-10-26T22:22:37Z,-17.50353385694325,-149.91717534139752,2024-10-26T22:22:37Z,2024-10-26
MooreaFunDive,2024-10-26T22:27:00Z,20241026,12:27:00,89,14,Shedd2,RC,42,20241027,3,cunning2,NA,NA,2024-10-26 12:27,2024-10-26T22:27:47Z,-17.503553722053766,-149.91719814017415,2024-10-26T22:27:47Z,2024-10-26
MooreaFunDive,2024-10-26T22:33:00Z,20241026,12:33:00,88,46,Shedd2,RC,30,20241027,3,cunning2,NA,NA,2024-10-26 12:33,2024-10-26T22:33:46Z,-17.503754468634725,-149.9172093719244,2024-10-26T22:33:46Z,2024-10-26
MooreaFunDive,2024-10-26T22:37:00Z,20241026,12:37:00,100,15,Shedd2,RC,93,20241027,3,cunning2,NA,NA,2024-10-26 12:37,2024-10-26T22:37:52Z,-17.50381045974791,-149.91716486401856,2024-10-26T22:37:52Z,2024-10-26
MooreaFunDive,2024-10-26T22:42:00Z,20241026,12:42:00,84,16,Shedd2,RC,47,20241027,3,cunning2,NA,NA,2024-10-26 12:42,2024-10-26T22:42:58Z,-17.50386670231819,-149.91721549071372,2024-10-26T22:42:58Z,2024-10-26
MooreaFunDive,2024-10-26T22:49:00Z,20241026,12:49:00,87,17,Shedd2,RC,95,20241027,3,cunning2,NA,NA,2024-10-26 12:49,2024-10-26T22:49:34Z,-17.504215892404318,-149.91752117872238,2024-10-26T22:49:34Z,2024-10-26
MooreaFunDive,2024-10-26T22:54:00Z,20241026,12:54:00,62,36,Shedd2,RC,46,20241027,1,cunning2,NA,NA,2024-10-26 12:54,2024-10-26T22:54:53Z,-17.504255706444383,-149.9176956899464,2024-10-26T22:54:53Z,2024-10-26
MooreaFunDive,2024-10-26T23:04:00Z,20241026,13:04:00,61,35,Shedd2,RC,26,20241027,4,cunning2,NA,NA,2024-10-26 13:04,2024-10-26T23:04:57Z,-17.5043152179569,-149.91831695660946,2024-10-26T23:04:57Z,2024-10-26
MooreaFunDive,2024-10-26T23:10:00Z,20241026,13:10:00,63,45,Shedd2,RC,66,20241027,5,cunning2,NA,NA,2024-10-26 13:10,2024-10-26T23:10:53Z,-17.504490818828344,-149.91824529133737,2024-10-26T23:10:53Z,2024-10-26
MooreaFunDive,2024-10-26T23:16:00Z,20241026,13:16:00,65,7,Shedd2,RC,43,20241027,3,cunning2,NA,NA,2024-10-26 13:16,2024-10-26T23:16:53Z,-17.50437288545072,-149.91781848482788,2024-10-26T23:16:53Z,2024-10-26
MooreaFunDive,2024-10-26T23:21:00Z,20241026,13:21:00,69,23,Shedd2,RC,55,20241027,3,cunning2,NA,NA,2024-10-26 13:21,2024-10-26T23:21:38Z,-17.50443005003035,-149.9175960291177,2024-10-26T23:21:38Z,2024-10-26
MooreaFunDive,2024-10-26T23:28:00Z,20241026,13:28:00,67,1,Shedd2,RC,24,20241027,3,cunning2,NA,NA,2024-10-26 13:28,2024-10-26T23:28:52Z,-17.504437090829015,-149.91733744740486,2024-10-26T23:28:52Z,2024-10-26
access6,2024-10-27T18:25:00Z,20241027,08:25:00,92,34,Shedd2,RC,p4,20241027,2,cunning2,NA,NA,2024-10-27 08:25,2024-10-27T18:25:52Z,-17.55772914737463,-149.87686316482723,2024-10-27T18:25:52Z,2024-10-27
access6,2024-10-27T18:32:00Z,20241027,08:32:00,99,45,Shedd2,RC,p3,20241027,2,cunning2,NA,NA,2024-10-27 08:32,2024-10-27T18:32:33Z,-17.557930145412683,-149.8769108578563,2024-10-27T18:32:33Z,2024-10-27
access6,2024-10-27T18:43:00Z,20241027,08:43:00,98,29,Shedd2,RC,57,20241027,2,cunning2,NA,NA,2024-10-27 08:43,2024-10-27T18:43:57Z,-17.55849969573319,-149.8771234229207,2024-10-27T18:43:57Z,2024-10-27
access6,2024-10-27T18:51:00Z,20241027,08:51:00,90,1,Shedd2,RC,p2,20241027,2,cunning2,NA,NA,2024-10-27 08:51,2024-10-27T18:51:44Z,-17.558672446757555,-149.87715795636177,2024-10-27T18:51:44Z,2024-10-27
access6,2024-10-27T19:00:00Z,20241027,09:00:00,96,7,Shedd2,RC,48,20241027,4,cunning2,NA,NA,2024-10-27 09:00,2024-10-27T19:00:35Z,-17.55926102399826,-149.8776654805988,2024-10-27T19:00:35Z,2024-10-27
access6,2024-10-27T19:04:00Z,20241027,09:04:00,93,26,Shedd2,RC,p5,20241027,2,cunning2,NA,NA,2024-10-27 09:04,2024-10-27T19:04:47Z,-17.559421118348837,-149.87776346504688,2024-10-27T19:04:47Z,2024-10-27
access6,2024-10-27T19:23:00Z,20241027,09:23:00,85,36,Shedd2,RC,40,20241027,3,cunning2,NA,NA,2024-10-27 09:23,2024-10-27T19:23:38Z,-17.559196148067713,-149.8766595683992,2024-10-27T19:23:38Z,2024-10-27
access6,2024-10-27T18:27:00Z,20241027,08:27:00,185,16,Shedd4,TC,16,20241027,2,cunning3,NA,NA,2024-10-27 08:27,2024-10-27T18:27:28Z,-17.558297608047724,-149.87683072686195,2024-10-27T18:27:28Z,2024-10-27
access6,2024-10-27T18:35:00Z,20241027,08:35:00,195,20,Shedd4,TC,193,20241027,2,cunning3,NA,NA,2024-10-27 08:35,2024-10-27T18:35:53Z,-17.558443872258067,-149.8767433874309,2024-10-27T18:35:53Z,2024-10-27
access6,2024-10-27T18:42:00Z,20241027,08:42:00,191,6,Shedd4,TC,88,20241027,2,cunning3,NA,NA,2024-10-27 08:42,2024-10-27T18:42:59Z,-17.55920863710344,-149.87658706493676,2024-10-27T18:42:59Z,2024-10-27
access6,2024-10-27T18:49:00Z,20241027,08:49:00,194,46,Shedd4,TC,54,20241027,2,cunning3,NA,NA,2024-10-27 08:49,2024-10-27T18:49:47Z,-17.559237889945507,-149.87669946625826,2024-10-27T18:49:47Z,2024-10-27
access6,2024-10-27T19:06:00Z,20241027,09:06:00,199,55,Shedd4,TC,99,20241027,3,cunning3,NA,NA,2024-10-27 09:06,2024-10-27T19:06:12Z,-17.560600703582168,-149.87682200968266,2024-10-27T19:06:12Z,2024-10-27
access6,2024-10-27T19:22:00Z,20241027,09:22:00,188,13,Shedd4,TC,35,20241027,2,cunning3,NA,NA,2024-10-27 09:22,2024-10-27T19:22:27Z,-17.559671150520444,-149.87701999023554,2024-10-27T19:22:27Z,2024-10-27
access6,2024-10-27T19:37:00Z,20241027,09:37:00,198,25,Shedd4,TC,23,20241027,2,cunning3,NA,NA,2024-10-27 09:37,2024-10-27T19:37:25Z,-17.55839567631483,-149.87664439715445,2024-10-27T19:37:25Z,2024-10-27
access6,2024-10-27T18:23:00Z,20241027,08:23:00,180,24,Shedd1,SM,52,20241027,1,SM,NA,NA,2024-10-27 08:23,2024-10-27T18:23:45Z,-17.557649100199342,-149.8772071581334,2024-10-27T18:23:45Z,2024-10-27
access6,2024-10-27T18:30:00Z,20241027,08:30:00,179,27,Shedd1,SM,153,20241027,1,SM,NA,NA,2024-10-27 08:30,2024-10-27T18:30:42Z,-17.557739540934563,-149.87719458527863,2024-10-27T18:30:42Z,2024-10-27
access6,2024-10-27T18:36:00Z,20241027,08:36:00,177,14,Shedd1,SM,51,20241027,1,SM,NA,NA,2024-10-27 08:36,2024-10-27T18:36:59Z,-17.55786736495793,-149.87716608680785,2024-10-27T18:36:59Z,2024-10-27
access6,2024-10-27T18:53:00Z,20241027,08:53:00,178,54,Shedd1,SM,37,20241027,2,SM,By 195 same thicket not on purpose,NA,2024-10-27 08:53,2024-10-27T18:53:45Z,-17.55845518782735,-149.87680667079985,2024-10-27T18:53:45Z,2024-10-27
access6,2024-10-27T19:04:00Z,20241027,09:04:00,79,56,Shedd1,SM,87,20241027,2,SM,small,NA,2024-10-27 09:04,2024-10-27T19:04:52Z,-17.558936811983585,-149.87650467082858,2024-10-27T19:04:52Z,2024-10-27
access6,2024-10-27T19:11:00Z,20241027,09:11:00,78,28,Shedd1,SM,136,20241027,2,SM,NA,NA,2024-10-27 09:11,2024-10-27T19:11:45Z,-17.559151975438,-149.87658253870904,2024-10-27T19:11:45Z,2024-10-27
access6,2024-10-27T19:23:00Z,20241027,09:23:00,47,32,Shedd1,SM,22,20241027,2,SM,NA,NA,2024-10-27 09:23,2024-10-27T19:23:50Z,-17.55973602645099,-149.87604676745832,2024-10-27T19:23:50Z,2024-10-27
access5,2024-10-28T00:36:00Z,20241027,14:36:00,99,4,Shedd4,TC,26,20241028,3,cunning3,NA,NA,2024-10-27 14:36,2024-10-28T00:36:45Z,-17.5560883898288,-149.88437946885824,2024-10-28T00:36:45Z,2024-10-27
access5,2024-10-28T00:53:00Z,20241027,14:53:00,86,33,Shedd4,TC,20,20241028,1,cunning3,NA,NA,2024-10-27 14:53,2024-10-28T00:53:30Z,-17.55521851591766,-149.88436287268996,2024-10-28T00:53:30Z,2024-10-27
access5,2024-10-28T01:06:00Z,20241027,15:06:00,196,59,Shedd4,TC,40,20241028,1,cunning3,NA,NA,2024-10-27 15:06,2024-10-28T01:06:36Z,-17.5545946508646,-149.88453151658177,2024-10-28T01:06:36Z,2024-10-27
access5,2024-10-28T01:16:00Z,20241027,15:16:00,184,37,Shedd4,TC,24,20241028,3,cunning3,NA,NA,2024-10-27 15:16,2024-10-28T01:16:46Z,-17.554477052763104,-149.88458289764822,2024-10-28T01:16:46Z,2024-10-27
access5,2024-10-28T01:45:00Z,20241027,15:45:00,183,23,Shedd4,TC,46,20241028,2,cunning3,NA,NA,2024-10-27 15:45,2024-10-28T01:45:27Z,-17.555044004693627,-149.88499076105654,2024-10-28T01:45:27Z,2024-10-27
access5,2024-10-28T00:27:00Z,20241027,14:27:00,75,19,Shedd1,SM,61,20241028,2,SM,NA,gps 1 and 2 both used,2024-10-27 14:27,2024-10-28T00:27:57Z,-17.556984080001712,-149.8845688160509,2024-10-28T00:27:57Z,2024-10-27
access5,2024-10-28T00:39:00Z,20241027,14:39:00,76,31,Shedd1,SM,p5,20241028,3,SM,NA,gps 1 and 2 both used,2024-10-27 14:39,2024-10-28T00:39:52Z,-17.555976239964366,-149.88443252630532,2024-10-28T00:39:52Z,2024-10-27
access5,2024-10-28T01:03:00Z,20241027,15:03:00,74,15,Shedd1,SM,42,20241028,3,SM,NA,gps 1 and 2 both used,2024-10-27 15:03,2024-10-28T01:03:39Z,-17.554905619472265,-149.88485237583518,2024-10-28T01:03:39Z,2024-10-27
access5,2024-10-28T01:09:00Z,20241027,15:09:00,91,52,Shedd1,SM,29,20241028,3,SM,NA,gps 1 and 2 both used,2024-10-27 15:09,2024-10-28T01:09:37Z,-17.554818112403154,-149.8849013261497,2024-10-28T01:09:37Z,2024-10-27
access5,2024-10-28T01:22:00Z,20241027,15:22:00,17,42,Shedd1,SM,35,20241028,2,SM,NA,gps 1 and 2 both used,2024-10-27 15:22,2024-10-28T01:22:56Z,-17.554005570709705,-149.88501397892833,2024-10-28T01:22:56Z,2024-10-27
access5,2024-10-28T01:31:00Z,20241027,15:31:00,81,12,Shedd1,SM,171,20241028,2,SM,NA,gps 1 and 2 both used,2024-10-27 15:31,2024-10-28T01:31:44Z,-17.553976736962795,-149.88520986400545,2024-10-28T01:31:44Z,2024-10-27
access5,2024-10-28T01:38:00Z,20241027,15:38:00,12,22,Shedd1,SM,193,20241028,2,SM,NA,gps 1 and 2 both used,2024-10-27 15:38,2024-10-28T01:38:54Z,-17.553813373669982,-149.88522277213633,2024-10-28T01:38:54Z,2024-10-27
access5,2024-10-28T01:44:00Z,20241027,15:44:00,176,44,Shedd1,SM,99,20241028,1,SM,biggest shayle has ever seen,gps 1 and 2 both used,2024-10-27 15:44,2024-10-28T01:44:57Z,-17.553714886307716,-149.8852229397744,2024-10-28T01:44:57Z,2024-10-27
access5,2024-10-28T01:53:00Z,20241027,15:53:00,13,9,Shedd1,SM,93,20241028,2,SM,NA,gps 1 and 2 both used,2024-10-27 15:53,2024-10-28T01:53:49Z,-17.553714970126748,-149.88539359532297,2024-10-28T01:53:49Z,2024-10-27
access5,2024-10-28T02:01:00Z,20241027,16:01:00,97,60,Shedd1,SM,p3,20241028,6,Cunning3,"SM camera died, photo trinity",gps 1 and 2 both used,2024-10-27 16:01,2024-10-28T02:01:47Z,-17.553554624319077,-149.8852422181517,2024-10-28T02:01:47Z,2024-10-27
access5,2024-10-28T02:13:00Z,20241027,16:13:00,171,43,Shedd1,SM,p4,20241028,1,Cunning3,"SM camera died, photo trinity",gps 1 and 2 both used,2024-10-27 16:13,2024-10-28T02:13:39Z,-17.55332311615348,-149.884830750525,2024-10-28T02:13:39Z,2024-10-27
access5,2024-10-28T02:00:00Z,20241027,16:00:00,95,35,Shedd4,TC,66,20241028,1,cunning3,"not written on aquasketch, just pic",NA,2024-10-27 16:00,2024-10-28T02:00:25Z,-17.55426473915577,-149.8852137196809,2024-10-28T02:00:25Z,2024-10-27
access1/inavaiti,2024-10-29T18:19:00Z,20241029,08:19:00,181,59,Shedd4,TC,171,20241030,1,cunning3,NA,NA,2024-10-29 08:19,2024-10-29T18:19:50Z,-17.522340919822454,-149.91444108076394,2024-10-29T18:19:50Z,2024-10-29
access1/inavaiti,2024-10-29T18:27:00Z,20241029,08:27:00,192,39,Shedd4,TC,66,20241030,2,cunning3,NA,NA,2024-10-29 08:27,2024-10-29T18:27:56Z,-17.522348714992404,-149.91444124840197,2024-10-29T18:27:56Z,2024-10-29
access1/inavaiti,2024-10-29T18:32:00Z,20241029,08:32:00,94,48,Shedd4,TC,49,20241030,2,cunning3,NA,NA,2024-10-29 08:32,2024-10-29T18:32:42Z,-17.52233488485217,-149.91456471383572,2024-10-29T18:32:42Z,2024-10-29
access1/inavaiti,2024-10-29T18:40:00Z,20241029,08:40:00,144,13,Shedd4,TC,24,20241030,2,cunning3,NA,NA,2024-10-29 08:40,2024-10-29T18:40:43Z,-17.52241199836135,-149.91465020924807,2024-10-29T18:40:43Z,2024-10-29
access1/inavaiti,2024-10-29T18:49:00Z,20241029,08:49:00,83,57,Shedd4,TC,95,20241030,1,cunning3,NA,NA,2024-10-29 08:49,2024-10-29T18:49:45Z,-17.522539906203747,-149.91480820812285,2024-10-29T18:49:45Z,2024-10-29
access1/inavaiti,2024-10-29T18:58:00Z,20241029,08:58:00,147,41,Shedd4,TC,99,20241030,2,cunning3,NA,NA,2024-10-29 08:58,2024-10-29T18:58:52Z,-17.52263579517603,-149.9150113016367,2024-10-29T18:58:52Z,2024-10-29
access1/inavaiti,2024-10-29T19:08:00Z,20241029,09:08:00,182,50,Shedd4,TC,26,20241030,2,cunning3,NA,NA,2024-10-29 09:08,2024-10-29T19:08:34Z,-17.522865878418088,-149.91526938043535,2024-10-29T19:08:34Z,2024-10-29
access1/inavaiti,2024-10-29T19:18:00Z,20241029,09:18:00,187,51,Shedd4,TC,37,20241030,3,cunning3,NA,NA,2024-10-29 09:18,2024-10-29T19:18:49Z,-17.52303988672793,-149.9159640725702,2024-10-29T19:18:49Z,2024-10-29
access1/inavaiti,2024-10-29T19:27:00Z,20241029,09:27:00,146,23,Shedd4,TC,44,20241030,4,cunning3,NA,NA,2024-10-29 09:27,2024-10-29T19:27:39Z,-17.523223785683513,-149.91634771227837,2024-10-29T19:27:39Z,2024-10-29
access1/inavaiti,2024-10-29T19:43:00Z,20241029,09:43:00,197,58,Shedd4,TC,35,20241030,2,cunning3,NA,NA,2024-10-29 09:43,2024-10-29T19:43:28Z,-17.521363589912653,-149.91597421467304,2024-10-29T19:43:28Z,2024-10-29
access1/inavaiti,2024-10-29T18:05:00Z,20241029,08:05:00,130,19,Shedd1,SM,46,20241030,1,SM,NA,NA,2024-10-29 08:05,2024-10-29T18:05:55Z,-17.521099727600813,-149.91355000063777,2024-10-29T18:05:55Z,2024-10-29
access1/inavaiti,2024-10-29T18:11:00Z,20241029,08:11:00,126,22,Shedd1,SM,16,20241030,1,SM,NA,NA,2024-10-29 08:11,2024-10-29T18:11:40Z,-17.52102185972035,-149.91392400115728,2024-10-29T18:11:40Z,2024-10-29
access1/inavaiti,2024-10-29T18:16:00Z,20241029,08:16:00,115,33,Shedd1,SM,p2,20241030,1,SM,NA,NA,2024-10-29 08:16,2024-10-29T18:16:45Z,-17.521130237728357,-149.91443982347846,2024-10-29T18:16:45Z,2024-10-29
access1/inavaiti,2024-10-29T18:22:00Z,20241029,08:22:00,127,44,Shedd1,SM,48,20241030,1,SM,NA,NA,2024-10-29 08:22,2024-10-29T18:22:57Z,-17.5210537109524,-149.91478758864105,2024-10-29T18:22:57Z,2024-10-29
access1/inavaiti,2024-10-29T18:31:00Z,20241029,08:31:00,117,9,Shedd1,SM,21,20241030,1,SM,NA,NA,2024-10-29 08:31,2024-10-29T18:31:51Z,-17.52131841145456,-149.9154389463365,2024-10-29T18:31:51Z,2024-10-29
access1/inavaiti,2024-10-29T18:40:00Z,20241029,08:40:00,114,1,Shedd1,SM,93,20241030,1,SM,NA,NA,2024-10-29 08:40,2024-10-29T18:40:44Z,-17.52161999233067,-149.91604261100292,2024-10-29T18:40:44Z,2024-10-29
access1/inavaiti,2024-10-29T18:49:00Z,20241029,08:49:00,138,15,Shedd1,SM,20,20241030,2,SM,NA,NA,2024-10-29 08:49,2024-10-29T18:49:37Z,-17.52166349440813,-149.91639289073646,2024-10-29T18:49:37Z,2024-10-29
access1/inavaiti,2024-10-29T18:56:00Z,20241029,08:56:00,129,12,Shedd1,SM,42,20241030,1,SM,NA,NA,2024-10-29 08:56,2024-10-29T18:56:56Z,-17.521740021184087,-149.9167804699391,2024-10-29T18:56:56Z,2024-10-29
access1/inavaiti,2024-10-29T19:10:00Z,20241029,09:10:00,116,37,Shedd1,SM,87,20241030,2,SM,NA,NA,2024-10-29 09:10,2024-10-29T19:10:44Z,-17.521207183599472,-149.91661383770406,2024-10-29T19:10:44Z,2024-10-29
access1/inavaiti,2024-10-29T19:20:00Z,20241029,09:20:00,128,43,Shedd1,SM,85,20241030,3,SM,NA,NA,2024-10-29 09:20,2024-10-29T19:20:44Z,-17.520626233890653,-149.91645659320056,2024-10-29T19:20:44Z,2024-10-29
access1/inavaiti,2024-10-29T19:30:00Z,20241029,09:30:00,125,42,Shedd1,SM,29,20241030,1,SM,NA,NA,2024-10-29 09:30,2024-10-29T19:30:49Z,-17.520509138703346,-149.91619918495417,2024-10-29T19:30:49Z,2024-10-29
access1/inavaiti,2024-10-29T18:09:00Z,20241029,08:09:00,103,16,Shedd2,RC,p1,20241030,1,cunning2,NA,NA,2024-10-29 08:09,2024-10-29T18:09:38Z,-17.52272045239806,-149.91310316137967,2024-10-29T18:09:38Z,2024-10-29
access1/inavaiti,2024-10-29T18:22:00Z,20241029,08:22:00,70,6,Shedd2,RC,45,20241030,2,cunning2,NA,NA,2024-10-29 08:22,2024-10-29T18:22:50Z,-17.523464681580663,-149.91436706855893,2024-10-29T18:22:50Z,2024-10-29
access1/inavaiti,2024-10-29T18:28:00Z,20241029,08:28:00,190,20,Shedd2,RC,30,20241030,2,cunning2,NA,NA,2024-10-29 08:28,2024-10-29T18:28:51Z,-17.523542633280158,-149.91458541713655,2024-10-29T18:28:51Z,2024-10-29
access1/inavaiti,2024-10-29T18:34:00Z,20241029,08:34:00,8,18,Shedd2,RC,40,20241030,1,cunning2,NA,NA,2024-10-29 08:34,2024-10-29T18:34:48Z,-17.523674312978983,-149.91478096693754,2024-10-29T18:34:48Z,2024-10-29
access1/inavaiti,2024-10-29T18:41:00Z,20241029,08:41:00,109,28,Shedd2,RC,88,20241030,1,cunning2,NA,NA,2024-10-29 08:41,2024-10-29T18:41:59Z,-17.52394186332822,-149.91526242345572,2024-10-29T18:41:59Z,2024-10-29
access1/inavaiti,2024-10-29T18:54:00Z,20241029,08:54:00,175,17,Shedd2,RC,61,20241030,2,cunning2,NA,NA,2024-10-29 08:54,2024-10-29T18:54:45Z,-17.523823091760278,-149.91622181609273,2024-10-29T18:54:45Z,2024-10-29
access1/inavaiti,2024-10-29T18:58:00Z,20241029,08:58:00,73,14,Shedd2,RC,55,20241030,2,cunning2,NA,NA,2024-10-29 08:58,2024-10-29T18:58:43Z,-17.52385737374425,-149.9163739476353,2024-10-29T18:58:43Z,2024-10-29
access1/inavaiti,2024-10-29T19:08:00Z,20241029,09:08:00,172,45,Shedd2,RC,p4,20241030,5,cunning2,NA,NA,2024-10-29 09:08,2024-10-29T19:08:56Z,-17.52338438294828,-149.91685305722058,2024-10-29T19:08:56Z,2024-10-29
access1/inavaiti,2024-10-29T19:15:00Z,20241029,09:15:00,110,47,Shedd2,RC,193,20241030,4,cunning2,NA,NA,2024-10-29 09:15,2024-10-29T19:15:43Z,-17.523140218108892,-149.917123708874,2024-10-29T19:15:43Z,2024-10-29
access1/inavaiti,2024-10-29T19:25:00Z,20241029,09:25:00,173,11,Shedd2,RC,153,20241030,2,cunning2,NA,NA,2024-10-29 09:25,2024-10-29T19:25:39Z,-17.522242683917284,-149.91690142080188,2024-10-29T19:25:39Z,2024-10-29
access1/inavaiti,2024-10-29T20:00:00Z,20241029,10:00:00,174,32,Shedd2,RC,22,20241030,2,cunning2,NA,NA,2024-10-29 10:00,2024-10-29T20:00:59Z,-17.519843028858304,-149.9130210187286,2024-10-29T20:00:59Z,2024-10-29
NNFT/SOS,2024-10-30T18:32:00Z,20241030,08:32:00,132,41,Shedd4,TC,p10,20241030,2,Cunning3,NA,NA,2024-10-30 08:32,2024-10-30T18:32:00Z,-17.514745,-149.76763,2024-10-30T18:32:00Z,2024-10-30
NNFT/SOS,2024-10-30T18:39:00Z,20241030,08:39:00,68,39,Shedd4,TC,136,20241030,3,Cunning3,NA,NA,2024-10-30 08:39,2024-10-30T18:39:00Z,-17.514606,-149.76761,2024-10-30T18:39:00Z,2024-10-30
NNFT/SOS,2024-10-30T18:46:00Z,20241030,08:46:00,145,53,Shedd4,TC,73,20241030,4,Cunning3,NA,NA,2024-10-30 08:46,2024-10-30T18:46:00Z,-17.514199,-149.7674,2024-10-30T18:46:00Z,2024-10-30
NNFT/SOS,2024-10-30T18:54:00Z,20241030,08:54:00,153,30,Shedd4,TC,52,20241030,5,Cunning3,NA,NA,2024-10-30 08:54,2024-10-30T18:54:00Z,-17.51409,-149.76721,2024-10-30T18:54:00Z,2024-10-30
NNFT/SOS,2024-10-30T19:02:00Z,20241030,09:02:00,122,37,Shedd4,TC,54,20241030,3,Cunning3,NA,NA,2024-10-30 09:02,2024-10-30T19:02:00Z,-17.513166,-149.7672,2024-10-30T19:02:00Z,2024-10-30
NNFT/SOS,2024-10-30T19:12:00Z,20241030,09:12:00,137,3,Shedd4,TC,51,20241030,3,Cunning3,NA,NA,2024-10-30 09:12,2024-10-30T19:12:00Z,-17.512752,-149.7671,2024-10-30T19:12:00Z,2024-10-30
NNFT/SOS,2024-10-30T18:17:00Z,20241030,08:17:00,165,45,Shedd1,SM,47,20241030,1,SM,NA,NA,2024-10-30 08:17,2024-10-30T18:17:58Z,-17.51488856971264,-149.76991049945354,2024-10-30T18:17:58Z,2024-10-30
NNFT/SOS,2024-10-30T18:36:00Z,20241030,08:36:00,120,24,Shedd1,SM,50,20241030,3,SM,NA,NA,2024-10-30 08:36,2024-10-30T18:36:56Z,-17.515711588785052,-149.76932334713638,2024-10-30T18:36:56Z,2024-10-30
NNFT/SOS,2024-10-30T18:43:00Z,20241030,08:43:00,119,33,Shedd1,SM,23,20241030,1,SM,NA,NA,2024-10-30 08:43,2024-10-30T18:43:50Z,-17.515633553266525,-149.76919351145625,2024-10-30T18:43:50Z,2024-10-30
NNFT/SOS,2024-10-30T18:52:00Z,20241030,08:52:00,162,35,Shedd1,SM,43,20241030,3,SM,NA,NA,2024-10-30 08:52,2024-10-30T18:52:40Z,-17.51588836312294,-149.76879294030368,2024-10-30T18:52:40Z,2024-10-30
NNFT/SOS,2024-10-30T19:02:00Z,20241030,09:02:00,113,27,Shedd1,SM,57,20241030,1,SM,NA,NA,2024-10-30 09:02,2024-10-30T19:02:37Z,-17.515568006783724,-149.76844215765595,2024-10-30T19:02:37Z,2024-10-30
NNFT/SOS,2024-10-30T18:18:00Z,20241030,08:18:00,104,38,Shedd2,RC,p5,20241030,3,Cunning2,NA,NA,2024-10-30 08:18,2024-10-30T18:18:34Z,-17.515320908278227,-149.77035616524518,2024-10-30T18:18:34Z,2024-10-30
NNFT/SOS,2024-10-30T18:24:00Z,20241030,08:24:00,111,15,Shedd2,RC,p3,20241030,3,Cunning2,NA,NA,2024-10-30 08:24,2024-10-30T18:24:47Z,-17.515476560220122,-149.77033973671493,2024-10-30T18:24:47Z,2024-10-30
NNFT/SOS,2024-10-30T18:30:00Z,20241030,08:30:00,102,48,Shedd2,RC,p6,20241030,3,Cunning2,NA,NA,2024-10-30 08:30,2024-10-30T18:30:38Z,-17.515717539936304,-149.77031484246254,2024-10-30T18:30:38Z,2024-10-30
NNFT/SOS,2024-10-30T18:37:00Z,20241030,08:37:00,112,6,Shedd2,RC,p7,20241030,5,Cunning2,NA,NA,2024-10-30 08:37,2024-10-30T18:37:55Z,-17.51607201062143,-149.7702531516552,2024-10-30T18:37:55Z,2024-10-30
NNFT/SOS,2024-10-30T18:44:00Z,20241030,08:44:00,105,5,Shedd2,RC,p9,20241030,3,Cunning2,NA,NA,2024-10-30 08:44,2024-10-30T18:44:45Z,-17.51656268723309,-149.77033831179142,2024-10-30T18:44:45Z,2024-10-30
NNFT/SOS,2024-10-30T18:53:00Z,20241030,08:53:00,107,2,Shedd2,RC,p8,20241030,2,Cunning2,NA,NA,2024-10-30 08:53,2024-10-30T18:53:37Z,-17.516739713028073,-149.77039329707623,2024-10-30T18:53:37Z,2024-10-30
Sofitel,2024-10-31T21:33:00Z,20241031,11:33:00,153,36,Shedd2,RC,23,20241101,5,Cunning2,NA,NA,2024-10-31 11:33,2024-10-31T21:33:49Z,-17.50667522661388,-149.76236142218113,2024-10-31T21:33:49Z,2024-10-31
Sofitel,2024-10-31T23:38:00Z,20241031,13:38:00,140,30,Shedd2,RC,250,20241101,6,Cunning2,NA,NA,2024-10-31 13:38,2024-10-31T23:38:47Z,-17.502645375207067,-149.76310565136373,2024-10-31T23:38:47Z,2024-10-31
Sofitel,2024-10-31T23:45:00Z,20241031,13:45:00,151,53,Shedd2,RC,72,20241101,5,Cunning2,NA,NA,2024-10-31 13:45,2024-10-31T23:45:38Z,-17.502832794561982,-149.76316164247692,2024-10-31T23:45:38Z,2024-10-31
Sofitel,2024-10-31T23:54:00Z,20241031,13:54:00,150,2,Shedd2,RC,134,20241101,6,Cunning2,NA,NA,2024-10-31 13:54,2024-10-31T23:54:57Z,-17.502972269430757,-149.76327563636008,2024-10-31T23:54:57Z,2024-10-31
Sofitel,2024-11-01T00:01:00Z,20241031,14:01:00,156,45,Shedd2,RC,230,20241101,4,Cunning2,NA,NA,2024-10-31 14:01,2024-11-01T00:01:29Z,-17.503204783424735,-149.76373144425452,2024-11-01T00:01:29Z,2024-10-31
Sofitel,2024-11-01T00:10:00Z,20241031,14:10:00,149,6,Shedd2,RC,96,20241101,3,Cunning2,NA,NA,2024-10-31 14:10,2024-11-01T00:10:44Z,-17.503162706270814,-149.76427861489356,2024-11-01T00:10:44Z,2024-10-31
Sofitel,2024-11-01T00:14:00Z,20241031,14:14:00,148,29,Shedd2,RC,170,20241101,2,Cunning2,NA,NA,2024-10-31 14:14,2024-11-01T00:14:27Z,-17.503028428182006,-149.76452236063778,2024-11-01T00:14:27Z,2024-10-31
Sofitel,2024-11-01T00:21:00Z,20241031,14:21:00,139,25,Shedd2,RC,73,20241101,2,Cunning2,NA,NA,2024-10-31 14:21,2024-11-01T00:21:29Z,-17.50313856638968,-149.76465395651758,2024-11-01T00:21:29Z,2024-10-31
Sofitel,2024-11-01T00:24:00Z,20241031,14:24:00,152,34,Shedd2,RC,177,20241101,3,Cunning2,NA,NA,2024-10-31 14:24,2024-11-01T00:24:26Z,-17.503135297447443,-149.764652447775,2024-11-01T00:24:26Z,2024-10-31
Sofitel,2024-11-01T00:37:00Z,20241031,14:37:00,155,7,Shedd2,RC,54,20241101,3,Cunning2,NA,NA,2024-10-31 14:37,2024-11-01T00:37:51Z,-17.504046745598316,-149.76491999812424,2024-11-01T00:37:51Z,2024-10-31
Sofitel,2024-11-01T00:50:00Z,20241031,14:50:00,131,26,Shedd2,RC,66,20241101,3,Cunning2,NA,NA,2024-10-31 14:50,2024-11-01T00:50:45Z,-17.504529375582933,-149.76463275030255,2024-11-01T00:50:45Z,2024-10-31
Sofitel,2024-10-31T21:39:00Z,20241031,11:39:00,200,17,Shedd4,TC,50,20241101,4,Cunning3,NA,NA,2024-10-31 11:39,2024-10-31T21:39:54Z,-17.506634825840592,-149.7619429975748,2024-10-31T21:39:54Z,2024-10-31
Sofitel,2024-10-31T23:37:00Z,20241031,13:37:00,123,51,Shedd4,TC,48,20241101,5,Cunning3,NA,NA,2024-10-31 13:37,2024-10-31T23:37:42Z,-17.50294268131256,-149.76312803104517,2024-10-31T23:37:42Z,2024-10-31
Sofitel,2024-10-31T23:47:00Z,20241031,13:47:00,66,41,Shedd4,TC,153,20241101,6,Cunning3,NA,NA,2024-10-31 13:47,2024-10-31T23:47:51Z,-17.502934550866485,-149.76300280541182,2024-10-31T23:47:51Z,2024-10-31
Sofitel,2024-11-01T00:00:00Z,20241031,14:00:00,28,32,Shedd4,TC,141,20241101,4,Cunning3,NA,NA,2024-10-31 14:00,2024-11-01T00:00:54Z,-17.503550788387656,-149.76356238126755,2024-11-01T00:00:54Z,2024-10-31
Sofitel,2024-11-01T00:07:00Z,20241031,14:07:00,189,22,Shedd4,TC,p12,20241101,6,Cunning3,NA,NA,2024-10-31 14:07,2024-11-01T00:07:55Z,-17.503640139475465,-149.7637663129717,2024-11-01T00:07:55Z,2024-10-31
Sofitel,2024-11-01T00:20:00Z,20241031,14:20:00,101,13,Shedd4,TC,p1,20241101,3,Cunning3,NA,NA,2024-10-31 14:20,2024-11-01T00:20:57Z,-17.503740387037396,-149.76430476643145,2024-11-01T00:20:57Z,2024-10-31
Sofitel,2024-11-01T00:28:00Z,20241031,14:28:00,134,5,Shedd4,TC,p10,20241101,3,Cunning3,NA,NA,2024-10-31 14:28,2024-11-01T00:28:44Z,-17.503517344594002,-149.76445673033592,2024-11-01T00:28:44Z,2024-10-31
Sofitel,2024-11-01T00:37:00Z,20241031,14:37:00,193,9,Shedd4,TC,p9,20241101,4,Cunning3,NA,NA,2024-10-31 14:37,2024-11-01T00:37:50Z,-17.50383091159165,-149.76510046049953,2024-11-01T00:37:50Z,2024-10-31
Sofitel,2024-11-01T00:50:00Z,20241031,14:50:00,135,3,Shedd4,TC,p11,20241101,3,Cunning3,NA,NA,2024-10-31 14:50,2024-11-01T00:50:58Z,-17.504224441945553,-149.76509870029986,2024-11-01T00:50:58Z,2024-10-31
access12,2024-11-02T18:15:00Z,20241102,08:15:00,168,15,Shedd4,TC,p9,NA,2,Cunning3,NA,NA,2024-11-02 08:15,2024-11-02T18:15:53Z,-17.59225219488144,-149.83077208511534,2024-11-02T18:15:53Z,2024-11-02
access12,2024-11-02T18:25:00Z,20241102,08:25:00,157,8,Shedd4,TC,72,NA,2,Cunning3,NA,NA,2024-11-02 08:25,2024-11-02T18:25:38Z,-17.591896802186966,-149.83024444431067,2024-11-02T18:25:38Z,2024-11-02
access12,2024-11-02T18:33:00Z,20241102,08:33:00,136,19,Shedd4,TC,p11,NA,3,Cunning3,NA,NA,2024-11-02 08:33,2024-11-02T18:33:45Z,-17.59193519130349,-149.82997932471335,2024-11-02T18:33:45Z,2024-11-02
access12,2024-11-02T19:12:00Z,20241102,09:12:00,142,56,Shedd4,TC,230,NA,3,Cunning3,NA,NA,2024-11-02 09:12,2024-11-02T19:12:45Z,-17.592524187639356,-149.82956551015377,2024-11-02T19:12:45Z,2024-11-02
newspot5,2024-11-02T20:31:00Z,20241102,10:31:00,158,52,Shedd4,TC,p10,NA,5,Cunning3,NA,NA,2024-11-02 10:31,2024-11-02T20:31:45Z,-17.531245602294803,-149.7724813129753,2024-11-02T20:31:45Z,2024-11-02
newspot5,2024-11-02T20:59:00Z,20241102,10:59:00,141,54,Shedd4,TC,23,NA,9,Cunning3,NA,NA,2024-11-02 10:59,2024-11-02T20:59:46Z,-17.534903045743704,-149.77102185599506,2024-11-02T20:59:46Z,2024-11-02
newspot5,2024-11-02T21:18:00Z,20241102,11:18:00,161,60,Shedd4,TC,153,NA,5,Cunning3,NA,NA,2024-11-02 11:18,2024-11-02T21:18:47Z,-17.53466642461717,-149.77094784379005,2024-11-02T21:18:47Z,2024-11-02
access12,2024-11-02T19:07:00Z,20241102,09:07:00,170,12,Shedd2,RC,177,NA,4,Cunning2,NA,NA,2024-11-02 09:07,2024-11-02T19:07:48Z,-17.59293825365603,-149.8293637577444,2024-11-02T19:07:48Z,2024-11-02
newspot5,2024-11-02T20:31:00Z,20241102,10:31:00,160,39,Shedd2,RC,73,NA,3,Cunning2,NA,NA,2024-11-02 10:31,2024-11-02T20:31:41Z,-17.531476859003305,-149.77242515422404,2024-11-02T20:31:41Z,2024-11-02
newspot5,2024-11-02T20:35:00Z,20241102,10:35:00,154,35,Shedd2,RC,48,NA,3,Cunning2,NA,NA,2024-11-02 10:35,2024-11-02T20:35:43Z,-17.53174533136189,-149.77229649201035,2024-11-02T20:35:43Z,2024-11-02
newspot5,2024-11-02T20:58:00Z,20241102,10:58:00,143,4,Shedd2,RC,134,NA,4,Cunning2,NA,NA,2024-11-02 10:58,2024-11-02T20:58:56Z,-17.534432904794812,-149.7711506858468,2024-11-02T20:58:56Z,2024-11-02
newspot5,2024-11-02T21:02:00Z,20241102,11:02:00,169,43,Shedd2,RC,54,NA,3,Cunning2,NA,NA,2024-11-02 11:02,2024-11-02T21:02:38Z,-17.53444698639214,-149.77119871415198,2024-11-02T21:02:38Z,2024-11-02
newspot5,2024-11-02T21:41:00Z,20241102,11:41:00,163,11,Shedd2,RC,p1,NA,6,Cunning2,NA,NA,2024-11-02 11:41,2024-11-02T21:41:56Z,-17.5307397544384,-149.77251274511218,2024-11-02T21:41:56Z,2024-11-02
